-- Hospitals
INSERT INTO hospitals (id, name, address, level, latitude, longitude, created_at) VALUES
('a0000001-0000-0000-0000-000000000002', '北京大学第一医院', '北京市西城区西什库大街8号', '三甲', 39.9266, 116.3736, NOW()),
('a0000001-0000-0000-0000-000000000003', '中日友好医院', '北京市朝阳区樱花园东街2号', '三甲', 39.9876, 116.4173, NOW()),
('a0000001-0000-0000-0000-000000000004', '北京天坛医院', '北京市丰台区南四环西路119号', '三甲', 39.8374, 116.2884, NOW()),
('a0000001-0000-0000-0000-000000000005', '宣武医院', '北京市西城区长椿街45号', '三甲', 39.8936, 116.3543, NOW()),
('a0000001-0000-0000-0000-000000000006', '北京儿童医院', '北京市西城区南礼士路56号', '三甲', 39.9073, 116.3474, NOW()),
('a0000001-0000-0000-0000-000000000007', '朝阳医院', '北京市朝阳区工人体育场南路8号', '三甲', 39.9278, 116.4473, NOW()),
('a0000001-0000-0000-0000-000000000008', '北京积水潭医院', '北京市西城区新街口东街31号', '三甲', 39.9405, 116.3764, NOW());

-- Patient users
INSERT INTO users (id, phone, role, display_name, avatar_url, is_active, created_at, updated_at) VALUES
('b0000001-0000-0000-0000-000000000001', '13800000001', 'patient', '张先生', NULL, true, NOW(), NOW()),
('b0000001-0000-0000-0000-000000000002', '13800000002', 'patient', '李女士', NULL, true, NOW(), NOW()),
('b0000001-0000-0000-0000-000000000003', '13800000003', 'patient', '王大爷', NULL, true, NOW(), NOW()),
('b0000001-0000-0000-0000-000000000004', '13800000004', 'patient', '刘阿姨', NULL, true, NOW(), NOW()),
('b0000001-0000-0000-0000-000000000005', '13800000005', 'patient', '赵女士', NULL, true, NOW(), NOW()),
('b0000001-0000-0000-0000-000000000006', '13800000006', 'patient', '孙先生', NULL, true, NOW(), NOW()),
('b0000001-0000-0000-0000-000000000007', '13800000007', 'patient', '周阿姨', NULL, true, NOW(), NOW()),
('b0000001-0000-0000-0000-000000000008', '13800000008', 'patient', '吴大爷', NULL, true, NOW(), NOW());

-- 20 pending orders (status=created, companion_id=NULL)
INSERT INTO orders (id, order_number, patient_id, companion_id, hospital_id, service_type, status, appointment_date, appointment_time, description, price, hospital_name, patient_name, created_at, updated_at) VALUES
('c0000001-0000-0000-0000-000000000001', 'YLA2026040201A1B2C3', 'b0000001-0000-0000-0000-000000000001', NULL, 'a0000001-0000-0000-0000-000000000001', 'full_accompany', 'created', '2026-04-05', '08:30', '第一次来协和看内科，不熟悉流程，需要全程陪同', 299.0, '北京协和医院', '张先生', NOW() - interval '2 hours', NOW() - interval '2 hours'),
('c0000001-0000-0000-0000-000000000002', 'YLA2026040202D4E5F6', 'b0000001-0000-0000-0000-000000000002', NULL, 'a0000001-0000-0000-0000-000000000002', 'half_accompany', 'created', '2026-04-05', '09:00', '陪同老人去北大医院做体检', 199.0, '北京大学第一医院', '李女士', NOW() - interval '110 minutes', NOW() - interval '110 minutes'),
('c0000001-0000-0000-0000-000000000003', 'YLA2026040203G7H8I9', 'b0000001-0000-0000-0000-000000000003', NULL, 'a0000001-0000-0000-0000-000000000003', 'full_accompany', 'created', '2026-04-06', '07:30', '腿脚不便，需要轮椅接送到中日友好看骨科', 299.0, '中日友好医院', '王大爷', NOW() - interval '100 minutes', NOW() - interval '100 minutes'),
('c0000001-0000-0000-0000-000000000004', 'YLA2026040204J1K2L3', 'b0000001-0000-0000-0000-000000000004', NULL, 'a0000001-0000-0000-0000-000000000001', 'errand', 'created', '2026-04-06', '10:00', '帮忙代取检查报告和药品', 149.0, '北京协和医院', '刘阿姨', NOW() - interval '90 minutes', NOW() - interval '90 minutes'),
('c0000001-0000-0000-0000-000000000005', 'YLA2026040205M4N5O6', 'b0000001-0000-0000-0000-000000000005', NULL, 'a0000001-0000-0000-0000-000000000004', 'full_accompany', 'created', '2026-04-07', '08:00', '天坛医院做脑部CT，需要全程陪同', 299.0, '北京天坛医院', '赵女士', NOW() - interval '80 minutes', NOW() - interval '80 minutes'),
('c0000001-0000-0000-0000-000000000006', 'YLA2026040206P7Q8R9', 'b0000001-0000-0000-0000-000000000006', NULL, 'a0000001-0000-0000-0000-000000000005', 'half_accompany', 'created', '2026-04-07', '09:30', '宣武医院复查，半天即可', 199.0, '宣武医院', '孙先生', NOW() - interval '70 minutes', NOW() - interval '70 minutes'),
('c0000001-0000-0000-0000-000000000007', 'YLA2026040207S1T2U3', 'b0000001-0000-0000-0000-000000000007', NULL, 'a0000001-0000-0000-0000-000000000006', 'full_accompany', 'created', '2026-04-07', '08:30', '带孩子去儿童医院看耳鼻喉科', 299.0, '北京儿童医院', '周阿姨', NOW() - interval '60 minutes', NOW() - interval '60 minutes'),
('c0000001-0000-0000-0000-000000000008', 'YLA2026040208V4W5X6', 'b0000001-0000-0000-0000-000000000008', NULL, 'a0000001-0000-0000-0000-000000000007', 'errand', 'created', '2026-04-08', '14:00', '代挂号，朝阳医院消化内科', 149.0, '朝阳医院', '吴大爷', NOW() - interval '50 minutes', NOW() - interval '50 minutes'),
('c0000001-0000-0000-0000-000000000009', 'YLA2026040209Y7Z8A1', 'b0000001-0000-0000-0000-000000000001', NULL, 'a0000001-0000-0000-0000-000000000008', 'half_accompany', 'created', '2026-04-08', '09:00', '积水潭医院拍片，陪同半天', 199.0, '北京积水潭医院', '张先生', NOW() - interval '40 minutes', NOW() - interval '40 minutes'),
('c0000001-0000-0000-0000-000000000010', 'YLA2026040210B2C3D4', 'b0000001-0000-0000-0000-000000000002', NULL, 'a0000001-0000-0000-0000-000000000003', 'full_accompany', 'created', '2026-04-08', '07:00', '中日友好医院手术前检查，全程陪同', 299.0, '中日友好医院', '李女士', NOW() - interval '35 minutes', NOW() - interval '35 minutes'),
('c0000001-0000-0000-0000-000000000011', 'YLA2026040211E5F6G7', 'b0000001-0000-0000-0000-000000000003', NULL, 'a0000001-0000-0000-0000-000000000001', 'errand', 'created', '2026-04-09', '11:00', '协和医院代取化验单', 149.0, '北京协和医院', '王大爷', NOW() - interval '30 minutes', NOW() - interval '30 minutes'),
('c0000001-0000-0000-0000-000000000012', 'YLA2026040212H8I9J1', 'b0000001-0000-0000-0000-000000000004', NULL, 'a0000001-0000-0000-0000-000000000004', 'full_accompany', 'created', '2026-04-09', '08:00', '天坛医院做核磁共振，需要有人陪', 299.0, '北京天坛医院', '刘阿姨', NOW() - interval '25 minutes', NOW() - interval '25 minutes'),
('c0000001-0000-0000-0000-000000000013', 'YLA2026040213K2L3M4', 'b0000001-0000-0000-0000-000000000005', NULL, 'a0000001-0000-0000-0000-000000000002', 'half_accompany', 'created', '2026-04-09', '13:30', '北大医院看皮肤科，下午半天', 199.0, '北京大学第一医院', '赵女士', NOW() - interval '20 minutes', NOW() - interval '20 minutes'),
('c0000001-0000-0000-0000-000000000014', 'YLA2026040214N5O6P7', 'b0000001-0000-0000-0000-000000000006', NULL, 'a0000001-0000-0000-0000-000000000005', 'full_accompany', 'created', '2026-04-10', '08:00', '宣武医院住院前检查，全天陪同', 299.0, '宣武医院', '孙先生', NOW() - interval '15 minutes', NOW() - interval '15 minutes'),
('c0000001-0000-0000-0000-000000000015', 'YLA2026040215Q8R9S1', 'b0000001-0000-0000-0000-000000000007', NULL, 'a0000001-0000-0000-0000-000000000007', 'errand', 'created', '2026-04-10', '15:00', '朝阳医院代开处方药', 149.0, '朝阳医院', '周阿姨', NOW() - interval '10 minutes', NOW() - interval '10 minutes'),
('c0000001-0000-0000-0000-000000000016', 'YLA2026040216T2U3V4', 'b0000001-0000-0000-0000-000000000008', NULL, 'a0000001-0000-0000-0000-000000000006', 'half_accompany', 'created', '2026-04-10', '09:00', '儿童医院带小孩打疫苗', 199.0, '北京儿童医院', '吴大爷', NOW() - interval '8 minutes', NOW() - interval '8 minutes'),
('c0000001-0000-0000-0000-000000000017', 'YLA2026040217W5X6Y7', 'b0000001-0000-0000-0000-000000000001', NULL, 'a0000001-0000-0000-0000-000000000008', 'full_accompany', 'created', '2026-04-11', '07:30', '积水潭医院做关节手术前评估', 299.0, '北京积水潭医院', '张先生', NOW() - interval '6 minutes', NOW() - interval '6 minutes'),
('c0000001-0000-0000-0000-000000000018', 'YLA2026040218Z8A1B2', 'b0000001-0000-0000-0000-000000000002', NULL, 'a0000001-0000-0000-0000-000000000001', 'errand', 'created', '2026-04-11', '10:30', '协和药房代取长期用药', 149.0, '北京协和医院', '李女士', NOW() - interval '4 minutes', NOW() - interval '4 minutes'),
('c0000001-0000-0000-0000-000000000019', 'YLA2026040219C3D4E5', 'b0000001-0000-0000-0000-000000000003', NULL, 'a0000001-0000-0000-0000-000000000004', 'half_accompany', 'created', '2026-04-12', '08:30', '天坛复查，取结果看医生', 199.0, '北京天坛医院', '王大爷', NOW() - interval '2 minutes', NOW() - interval '2 minutes'),
('c0000001-0000-0000-0000-000000000020', 'YLA2026040220F6G7H8', 'b0000001-0000-0000-0000-000000000004', NULL, 'a0000001-0000-0000-0000-000000000003', 'full_accompany', 'created', '2026-04-12', '07:00', '中日友好医院术后复查，行动不便需全程陪同', 299.0, '中日友好医院', '刘阿姨', NOW() - interval '1 minute', NOW() - interval '1 minute');
