-- Hospitals
INSERT INTO hospitals (id, name, address, province, city, district, level, tags, latitude, longitude, created_at) VALUES
('a0000001-0000-0000-0000-000000000001', '北京协和医院', '北京市东城区帅府园1号', '北京', '北京', '东城区', '三甲', '综合医院,医保定点,教学医院,全国重点专科', 39.9120, 116.4150, NOW()),
('a0000001-0000-0000-0000-000000000002', '北京大学第一医院', '北京市西城区西什库大街8号', '北京', '北京', '西城区', '三甲', '综合医院,医保定点,教学医院,全国重点专科', 39.9266, 116.3736, NOW()),
('a0000001-0000-0000-0000-000000000003', '中日友好医院', '北京市朝阳区樱花园东街2号', '北京', '北京', '朝阳区', '三甲', '综合医院,医保定点,教学医院,全国重点专科', 39.9876, 116.4173, NOW()),
('a0000001-0000-0000-0000-000000000004', '北京天坛医院', '北京市丰台区南四环西路119号', '北京', '北京', '丰台区', '三甲', '综合医院,医保定点,教学医院,全国重点专科', 39.8374, 116.2884, NOW()),
('a0000001-0000-0000-0000-000000000005', '首都医科大学宣武医院', '北京市西城区长椿街45号', '北京', '北京', '西城区', '三甲', '综合医院,医保定点,教学医院,全国重点专科', 39.8936, 116.3543, NOW()),
('a0000001-0000-0000-0000-000000000006', '北京儿童医院', '北京市西城区南礼士路56号', '北京', '北京', '西城区', '三甲', '专科医院,医保定点,教学医院,全国重点专科', 39.9073, 116.3474, NOW()),
('a0000001-0000-0000-0000-000000000007', '北京朝阳医院', '北京市朝阳区工人体育场南路8号', '北京', '北京', '朝阳区', '三甲', '综合医院,医保定点,教学医院,急救中心', 39.9278, 116.4473, NOW()),
('a0000001-0000-0000-0000-000000000008', '北京积水潭医院', '北京市西城区新街口东街31号', '北京', '北京', '西城区', '三甲', '综合医院,医保定点,教学医院,全国重点专科', 39.9405, 116.3764, NOW());

-- Patient users
INSERT INTO users (id, phone, role, roles, display_name, avatar_url, is_active, created_at, updated_at) VALUES
('b0000001-0000-0000-0000-000000000001', '13800000001', 'patient', 'patient', '张先生', NULL, true, NOW(), NOW()),
('b0000001-0000-0000-0000-000000000002', '13800000002', 'patient', 'patient', '李女士', NULL, true, NOW(), NOW()),
('b0000001-0000-0000-0000-000000000003', '13800000003', 'patient', 'patient', '王大爷', NULL, true, NOW(), NOW()),
('b0000001-0000-0000-0000-000000000004', '13800000004', 'patient', 'patient', '刘阿姨', NULL, true, NOW(), NOW()),
('b0000001-0000-0000-0000-000000000005', '13800000005', 'patient', 'patient', '赵女士', NULL, true, NOW(), NOW()),
('b0000001-0000-0000-0000-000000000006', '13800000006', 'patient', 'patient', '孙先生', NULL, true, NOW(), NOW()),
('b0000001-0000-0000-0000-000000000007', '13800000007', 'patient', 'patient', '周阿姨', NULL, true, NOW(), NOW()),
('b0000001-0000-0000-0000-000000000008', '13800000008', 'patient', 'patient', '吴大爷', NULL, true, NOW(), NOW());

-- Companion users
INSERT INTO users (id, phone, role, roles, display_name, avatar_url, is_active, created_at, updated_at) VALUES
('b0000002-0000-0000-0000-000000000001', '13900000001', 'companion', 'companion', '陈护士', NULL, true, NOW(), NOW()),
('b0000002-0000-0000-0000-000000000002', '13900000002', 'companion', 'companion', '林医助', NULL, true, NOW(), NOW()),
-- 全程陪诊专长 (20人)
('b0000002-0000-0000-0000-000000000003', '13900000003', 'companion', 'companion', '王护士', NULL, true, NOW(), NOW()),
('b0000002-0000-0000-0000-000000000004', '13900000004', 'companion', 'companion', '赵医助', NULL, true, NOW(), NOW()),
('b0000002-0000-0000-0000-000000000005', '13900000005', 'companion', 'companion', '钱护士', NULL, true, NOW(), NOW()),
('b0000002-0000-0000-0000-000000000006', '13900000006', 'companion', 'companion', '孙医助', NULL, true, NOW(), NOW()),
('b0000002-0000-0000-0000-000000000007', '13900000007', 'companion', 'companion', '周护士', NULL, true, NOW(), NOW()),
('b0000002-0000-0000-0000-000000000008', '13900000008', 'companion', 'companion', '吴医助', NULL, true, NOW(), NOW()),
('b0000002-0000-0000-0000-000000000009', '13900000009', 'companion', 'companion', '郑护士', NULL, true, NOW(), NOW()),
('b0000002-0000-0000-0000-000000000010', '13900000010', 'companion', 'companion', '冯医助', NULL, true, NOW(), NOW()),
('b0000002-0000-0000-0000-000000000011', '13900000011', 'companion', 'companion', '褚护士', NULL, true, NOW(), NOW()),
('b0000002-0000-0000-0000-000000000012', '13900000012', 'companion', 'companion', '卫医助', NULL, true, NOW(), NOW()),
('b0000002-0000-0000-0000-000000000013', '13900000013', 'companion', 'companion', '蒋护士', NULL, true, NOW(), NOW()),
('b0000002-0000-0000-0000-000000000014', '13900000014', 'companion', 'companion', '沈医助', NULL, true, NOW(), NOW()),
('b0000002-0000-0000-0000-000000000015', '13900000015', 'companion', 'companion', '韩护士', NULL, true, NOW(), NOW()),
('b0000002-0000-0000-0000-000000000016', '13900000016', 'companion', 'companion', '杨医助', NULL, true, NOW(), NOW()),
('b0000002-0000-0000-0000-000000000017', '13900000017', 'companion', 'companion', '朱护士', NULL, true, NOW(), NOW()),
('b0000002-0000-0000-0000-000000000018', '13900000018', 'companion', 'companion', '秦医助', NULL, true, NOW(), NOW()),
('b0000002-0000-0000-0000-000000000019', '13900000019', 'companion', 'companion', '尤护士', NULL, true, NOW(), NOW()),
('b0000002-0000-0000-0000-000000000020', '13900000020', 'companion', 'companion', '许医助', NULL, true, NOW(), NOW()),
('b0000002-0000-0000-0000-000000000021', '13900000021', 'companion', 'companion', '何护士', NULL, true, NOW(), NOW()),
('b0000002-0000-0000-0000-000000000022', '13900000022', 'companion', 'companion', '吕医助', NULL, true, NOW(), NOW()),
-- 半程陪诊专长 (20人)
('b0000002-0000-0000-0000-000000000023', '13900000023', 'companion', 'companion', '施护士', NULL, true, NOW(), NOW()),
('b0000002-0000-0000-0000-000000000024', '13900000024', 'companion', 'companion', '张医助', NULL, true, NOW(), NOW()),
('b0000002-0000-0000-0000-000000000025', '13900000025', 'companion', 'companion', '孔护士', NULL, true, NOW(), NOW()),
('b0000002-0000-0000-0000-000000000026', '13900000026', 'companion', 'companion', '曹医助', NULL, true, NOW(), NOW()),
('b0000002-0000-0000-0000-000000000027', '13900000027', 'companion', 'companion', '严护士', NULL, true, NOW(), NOW()),
('b0000002-0000-0000-0000-000000000028', '13900000028', 'companion', 'companion', '华医助', NULL, true, NOW(), NOW()),
('b0000002-0000-0000-0000-000000000029', '13900000029', 'companion', 'companion', '金护士', NULL, true, NOW(), NOW()),
('b0000002-0000-0000-0000-000000000030', '13900000030', 'companion', 'companion', '魏医助', NULL, true, NOW(), NOW()),
('b0000002-0000-0000-0000-000000000031', '13900000031', 'companion', 'companion', '陶护士', NULL, true, NOW(), NOW()),
('b0000002-0000-0000-0000-000000000032', '13900000032', 'companion', 'companion', '姜医助', NULL, true, NOW(), NOW()),
('b0000002-0000-0000-0000-000000000033', '13900000033', 'companion', 'companion', '戚护士', NULL, true, NOW(), NOW()),
('b0000002-0000-0000-0000-000000000034', '13900000034', 'companion', 'companion', '谢医助', NULL, true, NOW(), NOW()),
('b0000002-0000-0000-0000-000000000035', '13900000035', 'companion', 'companion', '邹护士', NULL, true, NOW(), NOW()),
('b0000002-0000-0000-0000-000000000036', '13900000036', 'companion', 'companion', '喻医助', NULL, true, NOW(), NOW()),
('b0000002-0000-0000-0000-000000000037', '13900000037', 'companion', 'companion', '柏护士', NULL, true, NOW(), NOW()),
('b0000002-0000-0000-0000-000000000038', '13900000038', 'companion', 'companion', '窦医助', NULL, true, NOW(), NOW()),
('b0000002-0000-0000-0000-000000000039', '13900000039', 'companion', 'companion', '章护士', NULL, true, NOW(), NOW()),
('b0000002-0000-0000-0000-000000000040', '13900000040', 'companion', 'companion', '云医助', NULL, true, NOW(), NOW()),
('b0000002-0000-0000-0000-000000000041', '13900000041', 'companion', 'companion', '苏护士', NULL, true, NOW(), NOW()),
('b0000002-0000-0000-0000-000000000042', '13900000042', 'companion', 'companion', '潘医助', NULL, true, NOW(), NOW()),
-- 代办跑腿专长 (20人)
('b0000002-0000-0000-0000-000000000043', '13900000043', 'companion', 'companion', '葛护士', NULL, true, NOW(), NOW()),
('b0000002-0000-0000-0000-000000000044', '13900000044', 'companion', 'companion', '奚医助', NULL, true, NOW(), NOW()),
('b0000002-0000-0000-0000-000000000045', '13900000045', 'companion', 'companion', '范护士', NULL, true, NOW(), NOW()),
('b0000002-0000-0000-0000-000000000046', '13900000046', 'companion', 'companion', '彭医助', NULL, true, NOW(), NOW()),
('b0000002-0000-0000-0000-000000000047', '13900000047', 'companion', 'companion', '鲁护士', NULL, true, NOW(), NOW()),
('b0000002-0000-0000-0000-000000000048', '13900000048', 'companion', 'companion', '韦医助', NULL, true, NOW(), NOW()),
('b0000002-0000-0000-0000-000000000049', '13900000049', 'companion', 'companion', '昌护士', NULL, true, NOW(), NOW()),
('b0000002-0000-0000-0000-000000000050', '13900000050', 'companion', 'companion', '马医助', NULL, true, NOW(), NOW()),
('b0000002-0000-0000-0000-000000000051', '13900000051', 'companion', 'companion', '苗护士', NULL, true, NOW(), NOW()),
('b0000002-0000-0000-0000-000000000052', '13900000052', 'companion', 'companion', '凤医助', NULL, true, NOW(), NOW()),
('b0000002-0000-0000-0000-000000000053', '13900000053', 'companion', 'companion', '花护士', NULL, true, NOW(), NOW()),
('b0000002-0000-0000-0000-000000000054', '13900000054', 'companion', 'companion', '方医助', NULL, true, NOW(), NOW()),
('b0000002-0000-0000-0000-000000000055', '13900000055', 'companion', 'companion', '俞护士', NULL, true, NOW(), NOW()),
('b0000002-0000-0000-0000-000000000056', '13900000056', 'companion', 'companion', '任医助', NULL, true, NOW(), NOW()),
('b0000002-0000-0000-0000-000000000057', '13900000057', 'companion', 'companion', '袁护士', NULL, true, NOW(), NOW()),
('b0000002-0000-0000-0000-000000000058', '13900000058', 'companion', 'companion', '柳医助', NULL, true, NOW(), NOW()),
('b0000002-0000-0000-0000-000000000059', '13900000059', 'companion', 'companion', '酆护士', NULL, true, NOW(), NOW()),
('b0000002-0000-0000-0000-000000000060', '13900000060', 'companion', 'companion', '鲍医助', NULL, true, NOW(), NOW()),
('b0000002-0000-0000-0000-000000000061', '13900000061', 'companion', 'companion', '史护士', NULL, true, NOW(), NOW()),
('b0000002-0000-0000-0000-000000000062', '13900000062', 'companion', 'companion', '唐医助', NULL, true, NOW(), NOW());

-- Companion profiles
INSERT INTO companion_profiles (id, user_id, real_name, id_number, certifications, service_area, service_types, service_hospitals, bio, avg_rating, total_orders, verification_status, created_at, updated_at) VALUES
('d0000001-0000-0000-0000-000000000001', 'b0000002-0000-0000-0000-000000000001', '陈晓燕', '110101199203150024', '护士执业证、急救证', '北京市西城区、东城区', 'full_accompany,half_accompany,errand', 'a0000001-0000-0000-0000-000000000001,a0000001-0000-0000-0000-000000000002,a0000001-0000-0000-0000-000000000005,a0000001-0000-0000-0000-000000000006,a0000001-0000-0000-0000-000000000008', '三甲医院5年护理经验，熟悉各科室流程，耐心细致，擅长老年患者陪诊', 4.8, 126, 'verified', NOW(), NOW()),
('d0000001-0000-0000-0000-000000000002', 'b0000002-0000-0000-0000-000000000002', '林志强', '110105199508220031', '健康管理师证', '北京市朝阳区、海淀区', 'full_accompany,half_accompany', 'a0000001-0000-0000-0000-000000000003,a0000001-0000-0000-0000-000000000007', '医学院毕业，从事陪诊服务3年，擅长就医流程规划和医患沟通，服务高效', 4.6, 89, 'verified', NOW(), NOW()),
-- 全程陪诊专长 profiles (20人)
('d0000001-0000-0000-0000-000000000003', 'b0000002-0000-0000-0000-000000000003', '王秀英', '110101199105120041', '护士执业证', '北京市东城区、西城区', 'full_accompany', 'a0000001-0000-0000-0000-000000000001,a0000001-0000-0000-0000-000000000002,a0000001-0000-0000-0000-000000000005,a0000001-0000-0000-0000-000000000006,a0000001-0000-0000-0000-000000000008', '10年三甲医院护理经验，擅长老年慢病患者全程陪诊', 4.9, 186, 'verified', NOW(), NOW()),
('d0000001-0000-0000-0000-000000000004', 'b0000002-0000-0000-0000-000000000004', '赵建国', '110102199308150032', '急救员证', '北京市朝阳区', 'full_accompany', 'a0000001-0000-0000-0000-000000000003,a0000001-0000-0000-0000-000000000007', '退役军医，责任心强，擅长急诊和住院患者陪同', 4.7, 143, 'verified', NOW(), NOW()),
('d0000001-0000-0000-0000-000000000005', 'b0000002-0000-0000-0000-000000000005', '钱丽华', '110105199406280045', '护士执业证、康复师证', '北京市海淀区', 'full_accompany', 'a0000001-0000-0000-0000-000000000003', '康复科护理背景，擅长术后患者全程陪诊', 4.5, 98, 'verified', NOW(), NOW()),
('d0000001-0000-0000-0000-000000000006', 'b0000002-0000-0000-0000-000000000006', '孙伟明', '110106199207100058', '健康管理师证', '北京市丰台区', 'full_accompany', 'a0000001-0000-0000-0000-000000000004', '医学院本科，3年陪诊经验，熟悉各大医院流程', 4.3, 67, 'verified', NOW(), NOW()),
('d0000001-0000-0000-0000-000000000007', 'b0000002-0000-0000-0000-000000000007', '周雪梅', '110107199509180062', '护士执业证', '北京市石景山区', 'full_accompany', 'a0000001-0000-0000-0000-000000000004', '儿科护理经验丰富，擅长儿童患者全程陪诊', 4.8, 112, 'verified', NOW(), NOW()),
('d0000001-0000-0000-0000-000000000008', 'b0000002-0000-0000-0000-000000000008', '吴志远', '110108199104230075', '急救员证、健康管理师证', '北京市昌平区', 'full_accompany', 'a0000001-0000-0000-0000-000000000008', '从事医疗服务行业8年，耐心细致，深受好评', 4.6, 134, 'verified', NOW(), NOW()),
('d0000001-0000-0000-0000-000000000009', 'b0000002-0000-0000-0000-000000000009', '郑美玲', '110109199302140088', '护士执业证', '北京市大兴区', 'full_accompany', 'a0000001-0000-0000-0000-000000000004', '产科护士转陪诊，擅长孕产妇全程陪诊', 4.4, 78, 'verified', NOW(), NOW()),
('d0000001-0000-0000-0000-000000000010', 'b0000002-0000-0000-0000-000000000010', '冯国强', '110101199608050091', '健康管理师证', '北京市东城区、朝阳区', 'full_accompany', 'a0000001-0000-0000-0000-000000000001,a0000001-0000-0000-0000-000000000003,a0000001-0000-0000-0000-000000000007', '热情周到，熟悉北京各三甲医院就诊流程', 4.2, 56, 'verified', NOW(), NOW()),
('d0000001-0000-0000-0000-000000000011', 'b0000002-0000-0000-0000-000000000011', '褚桂兰', '110102199011200104', '护士执业证、急救证', '北京市西城区', 'full_accompany', 'a0000001-0000-0000-0000-000000000002,a0000001-0000-0000-0000-000000000005,a0000001-0000-0000-0000-000000000006,a0000001-0000-0000-0000-000000000008', '15年ICU护理经验，擅长危重患者陪诊', 5.0, 198, 'verified', NOW(), NOW()),
('d0000001-0000-0000-0000-000000000012', 'b0000002-0000-0000-0000-000000000012', '卫东海', '110105199403170117', '健康管理师证', '北京市海淀区、西城区', 'full_accompany', 'a0000001-0000-0000-0000-000000000002,a0000001-0000-0000-0000-000000000003,a0000001-0000-0000-0000-000000000005,a0000001-0000-0000-0000-000000000006,a0000001-0000-0000-0000-000000000008', '医学影像专业，擅长检查类项目全程陪同', 4.5, 88, 'verified', NOW(), NOW()),
('d0000001-0000-0000-0000-000000000013', 'b0000002-0000-0000-0000-000000000013', '蒋淑芬', '110106199706080120', '护士执业证', '北京市丰台区、大兴区', 'full_accompany', 'a0000001-0000-0000-0000-000000000004', '社区护理经验，擅长老年人健康管理和陪诊', 4.7, 105, 'verified', NOW(), NOW()),
('d0000001-0000-0000-0000-000000000014', 'b0000002-0000-0000-0000-000000000014', '沈浩然', '110107199812150133', '急救员证', '北京市石景山区、门头沟区', 'full_accompany', 'a0000001-0000-0000-0000-000000000004', '体育专业出身，擅长行动不便患者的搬运和陪同', 4.3, 45, 'verified', NOW(), NOW()),
('d0000001-0000-0000-0000-000000000015', 'b0000002-0000-0000-0000-000000000015', '韩玉兰', '110108199201240146', '护士执业证、心理咨询师证', '北京市昌平区、顺义区', 'full_accompany', 'a0000001-0000-0000-0000-000000000008', '心理学背景，擅长肿瘤患者心理疏导和全程陪诊', 4.9, 167, 'verified', NOW(), NOW()),
('d0000001-0000-0000-0000-000000000016', 'b0000002-0000-0000-0000-000000000016', '杨明辉', '110109199505300159', '健康管理师证', '北京市大兴区、房山区', 'full_accompany', 'a0000001-0000-0000-0000-000000000004', '药学专业，擅长用药咨询和全程陪诊', 4.1, 38, 'verified', NOW(), NOW()),
('d0000001-0000-0000-0000-000000000017', 'b0000002-0000-0000-0000-000000000017', '朱秀珍', '110101199308160162', '护士执业证', '北京市东城区', 'full_accompany', 'a0000001-0000-0000-0000-000000000001', '眼科护理经验，擅长眼科手术患者全程陪诊', 4.6, 91, 'verified', NOW(), NOW()),
('d0000001-0000-0000-0000-000000000018', 'b0000002-0000-0000-0000-000000000018', '秦文博', '110102199610210175', '急救员证、健康管理师证', '北京市朝阳区、通州区', 'full_accompany', 'a0000001-0000-0000-0000-000000000003,a0000001-0000-0000-0000-000000000007', '急诊科实习经验，反应迅速，服务专业', 4.4, 72, 'verified', NOW(), NOW()),
('d0000001-0000-0000-0000-000000000019', 'b0000002-0000-0000-0000-000000000019', '尤巧云', '110105199107120188', '护士执业证', '北京市海淀区', 'full_accompany', 'a0000001-0000-0000-0000-000000000003', '中医院护理经验，擅长中医科全程陪诊', 4.8, 145, 'verified', NOW(), NOW()),
('d0000001-0000-0000-0000-000000000020', 'b0000002-0000-0000-0000-000000000020', '许大勇', '110106199409080191', '健康管理师证', '北京市丰台区', 'full_accompany', 'a0000001-0000-0000-0000-000000000004', '退伍军人，做事果断高效，深受患者信赖', 4.5, 83, 'verified', NOW(), NOW()),
('d0000001-0000-0000-0000-000000000021', 'b0000002-0000-0000-0000-000000000021', '何晓霞', '110107199803250204', '护士执业证、急救证', '北京市石景山区', 'full_accompany', 'a0000001-0000-0000-0000-000000000004', '急诊护理专业，擅长突发情况处理和全程陪诊', 4.7, 118, 'verified', NOW(), NOW()),
('d0000001-0000-0000-0000-000000000022', 'b0000002-0000-0000-0000-000000000022', '吕国平', '110108199602140217', '健康管理师证', '北京市昌平区', 'full_accompany', 'a0000001-0000-0000-0000-000000000008', '社区卫生服务中心工作经验，熟悉基层转诊流程', 4.3, 61, 'verified', NOW(), NOW()),
-- 半程陪诊专长 profiles (20人)
('d0000001-0000-0000-0000-000000000023', 'b0000002-0000-0000-0000-000000000023', '施彩虹', '110101199205180220', '护士执业证', '北京市东城区、西城区', 'half_accompany', 'a0000001-0000-0000-0000-000000000001,a0000001-0000-0000-0000-000000000002,a0000001-0000-0000-0000-000000000005,a0000001-0000-0000-0000-000000000006,a0000001-0000-0000-0000-000000000008', '擅长门诊半程陪诊，高效预约取号', 4.6, 102, 'verified', NOW(), NOW()),
('d0000001-0000-0000-0000-000000000024', 'b0000002-0000-0000-0000-000000000024', '张文龙', '110102199407230233', '健康管理师证', '北京市朝阳区', 'half_accompany', 'a0000001-0000-0000-0000-000000000003,a0000001-0000-0000-0000-000000000007', '擅长体检陪同，半天高效完成', 4.4, 76, 'verified', NOW(), NOW()),
('d0000001-0000-0000-0000-000000000025', 'b0000002-0000-0000-0000-000000000025', '孔慧敏', '110105199609150246', '护士执业证', '北京市海淀区', 'half_accompany', 'a0000001-0000-0000-0000-000000000003', '专攻半程陪诊，流程规划高效', 4.8, 138, 'verified', NOW(), NOW()),
('d0000001-0000-0000-0000-000000000026', 'b0000002-0000-0000-0000-000000000026', '曹志刚', '110106199811080259', '急救员证', '北京市丰台区', 'half_accompany', 'a0000001-0000-0000-0000-000000000004', '擅长复查类半程陪同，耐心等候', 4.2, 48, 'verified', NOW(), NOW()),
('d0000001-0000-0000-0000-000000000027', 'b0000002-0000-0000-0000-000000000027', '严翠花', '110107199003210262', '护士执业证', '北京市石景山区', 'half_accompany', 'a0000001-0000-0000-0000-000000000004', '妇产科护理经验，擅长产检半程陪同', 4.7, 115, 'verified', NOW(), NOW()),
('d0000001-0000-0000-0000-000000000028', 'b0000002-0000-0000-0000-000000000028', '华建军', '110108199506140275', '健康管理师证', '北京市昌平区', 'half_accompany', 'a0000001-0000-0000-0000-000000000008', '健康管理专业，擅长体检和常规检查陪同', 4.5, 92, 'verified', NOW(), NOW()),
('d0000001-0000-0000-0000-000000000029', 'b0000002-0000-0000-0000-000000000029', '金玉珠', '110109199708070288', '护士执业证', '北京市大兴区', 'half_accompany', 'a0000001-0000-0000-0000-000000000004', '内科门诊护理经验，擅长慢病复诊半程陪同', 4.3, 65, 'verified', NOW(), NOW()),
('d0000001-0000-0000-0000-000000000030', 'b0000002-0000-0000-0000-000000000030', '魏德明', '110101199209300291', '急救员证', '北京市东城区', 'half_accompany', 'a0000001-0000-0000-0000-000000000001', '从事陪诊4年，门诊流程轻车熟路', 4.6, 108, 'verified', NOW(), NOW()),
('d0000001-0000-0000-0000-000000000031', 'b0000002-0000-0000-0000-000000000031', '陶春梅', '110102199401230304', '护士执业证、康复师证', '北京市朝阳区、通州区', 'half_accompany', 'a0000001-0000-0000-0000-000000000003,a0000001-0000-0000-0000-000000000007', '康复科护理，擅长骨科复查半程陪同', 4.9, 156, 'verified', NOW(), NOW()),
('d0000001-0000-0000-0000-000000000032', 'b0000002-0000-0000-0000-000000000032', '姜海波', '110105199603160317', '健康管理师证', '北京市海淀区', 'half_accompany', 'a0000001-0000-0000-0000-000000000003', '高效陪诊，平均半天完成全部检查', 4.4, 81, 'verified', NOW(), NOW()),
('d0000001-0000-0000-0000-000000000033', 'b0000002-0000-0000-0000-000000000033', '戚兰英', '110106199805090320', '护士执业证', '北京市丰台区', 'half_accompany', 'a0000001-0000-0000-0000-000000000004', '皮肤科护理经验，门诊半程陪诊专家', 4.5, 94, 'verified', NOW(), NOW()),
('d0000001-0000-0000-0000-000000000034', 'b0000002-0000-0000-0000-000000000034', '谢启明', '110107199207020333', '急救员证、健康管理师证', '北京市石景山区、门头沟区', 'half_accompany', 'a0000001-0000-0000-0000-000000000004', '综合素质优秀，服务评价一致好评', 4.7, 123, 'verified', NOW(), NOW()),
('d0000001-0000-0000-0000-000000000035', 'b0000002-0000-0000-0000-000000000035', '邹翠萍', '110108199409250346', '护士执业证', '北京市昌平区、顺义区', 'half_accompany', 'a0000001-0000-0000-0000-000000000008', '耳鼻喉科护理，擅长五官科半程陪诊', 4.2, 52, 'verified', NOW(), NOW()),
('d0000001-0000-0000-0000-000000000036', 'b0000002-0000-0000-0000-000000000036', '喻大伟', '110109199611180359', '健康管理师证', '北京市大兴区、房山区', 'half_accompany', 'a0000001-0000-0000-0000-000000000004', '认真负责，擅长帮助患者快速完成门诊流程', 4.0, 34, 'verified', NOW(), NOW()),
('d0000001-0000-0000-0000-000000000037', 'b0000002-0000-0000-0000-000000000037', '柏秀莲', '110101199308110362', '护士执业证', '北京市西城区', 'half_accompany', 'a0000001-0000-0000-0000-000000000002,a0000001-0000-0000-0000-000000000005,a0000001-0000-0000-0000-000000000006,a0000001-0000-0000-0000-000000000008', '口腔科护理经验，牙科门诊半程陪同', 4.6, 97, 'verified', NOW(), NOW()),
('d0000001-0000-0000-0000-000000000038', 'b0000002-0000-0000-0000-000000000038', '窦振华', '110102199510040375', '急救员证', '北京市朝阳区', 'half_accompany', 'a0000001-0000-0000-0000-000000000003,a0000001-0000-0000-0000-000000000007', '体检中心工作经验，高效完成各项检查', 4.3, 68, 'verified', NOW(), NOW()),
('d0000001-0000-0000-0000-000000000039', 'b0000002-0000-0000-0000-000000000039', '章丽娟', '110105199712270388', '护士执业证', '北京市海淀区、西城区', 'half_accompany', 'a0000001-0000-0000-0000-000000000002,a0000001-0000-0000-0000-000000000003,a0000001-0000-0000-0000-000000000005,a0000001-0000-0000-0000-000000000006,a0000001-0000-0000-0000-000000000008', '心内科护理经验，擅长心血管检查陪同', 4.8, 141, 'verified', NOW(), NOW()),
('d0000001-0000-0000-0000-000000000040', 'b0000002-0000-0000-0000-000000000040', '云国庆', '110106199102200391', '健康管理师证', '北京市丰台区', 'half_accompany', 'a0000001-0000-0000-0000-000000000004', '老年慢病管理经验丰富，复诊陪同专家', 4.5, 86, 'verified', NOW(), NOW()),
('d0000001-0000-0000-0000-000000000041', 'b0000002-0000-0000-0000-000000000041', '苏婉清', '110107199304130404', '护士执业证、心理咨询师证', '北京市石景山区', 'half_accompany', 'a0000001-0000-0000-0000-000000000004', '温柔耐心，擅长心理科门诊半程陪同', 4.9, 162, 'verified', NOW(), NOW()),
('d0000001-0000-0000-0000-000000000042', 'b0000002-0000-0000-0000-000000000042', '潘宏达', '110108199506060417', '健康管理师证', '北京市昌平区', 'half_accompany', 'a0000001-0000-0000-0000-000000000008', '效率高，客户满意度好，专注门诊半程服务', 4.4, 74, 'verified', NOW(), NOW()),
-- 代办跑腿专长 profiles (20人)
('d0000001-0000-0000-0000-000000000043', 'b0000002-0000-0000-0000-000000000043', '葛翠兰', '110101199607190420', '健康管理师证', '北京市东城区、西城区', 'errand', 'a0000001-0000-0000-0000-000000000001,a0000001-0000-0000-0000-000000000002,a0000001-0000-0000-0000-000000000005,a0000001-0000-0000-0000-000000000006,a0000001-0000-0000-0000-000000000008', '代取报告、代拿药、代挂号，跑腿经验丰富', 4.5, 132, 'verified', NOW(), NOW()),
('d0000001-0000-0000-0000-000000000044', 'b0000002-0000-0000-0000-000000000044', '奚志豪', '110102199809120433', '急救员证', '北京市朝阳区', 'errand', 'a0000001-0000-0000-0000-000000000003,a0000001-0000-0000-0000-000000000007', '熟悉朝阳区各医院，代办高效快捷', 4.3, 87, 'verified', NOW(), NOW()),
('d0000001-0000-0000-0000-000000000045', 'b0000002-0000-0000-0000-000000000045', '范玉芬', '110105199201050446', '护士执业证', '北京市海淀区', 'errand', 'a0000001-0000-0000-0000-000000000003', '代取化验单、代取药品，护理专业保障', 4.7, 109, 'verified', NOW(), NOW()),
('d0000001-0000-0000-0000-000000000046', 'b0000002-0000-0000-0000-000000000046', '彭国安', '110106199403280459', '健康管理师证', '北京市丰台区', 'errand', 'a0000001-0000-0000-0000-000000000004', '代办各类医院手续，熟悉流程', 4.1, 41, 'verified', NOW(), NOW()),
('d0000001-0000-0000-0000-000000000047', 'b0000002-0000-0000-0000-000000000047', '鲁秋菊', '110107199605210462', '护士执业证', '北京市石景山区', 'errand', 'a0000001-0000-0000-0000-000000000004', '代挂号专家，各科室号源信息灵通', 4.8, 156, 'verified', NOW(), NOW()),
('d0000001-0000-0000-0000-000000000048', 'b0000002-0000-0000-0000-000000000048', '韦建华', '110108199807140475', '健康管理师证', '北京市昌平区', 'errand', 'a0000001-0000-0000-0000-000000000008', '代取报告速度快，保证当天送达', 4.4, 73, 'verified', NOW(), NOW()),
('d0000001-0000-0000-0000-000000000049', 'b0000002-0000-0000-0000-000000000049', '昌美华', '110109199009070488', '护士执业证', '北京市大兴区', 'errand', 'a0000001-0000-0000-0000-000000000004', '药房跑腿老手，代取长期用药可靠', 4.6, 98, 'verified', NOW(), NOW()),
('d0000001-0000-0000-0000-000000000050', 'b0000002-0000-0000-0000-000000000050', '马文斌', '110101199211300491', '急救员证', '北京市东城区', 'errand', 'a0000001-0000-0000-0000-000000000001', '骑手出身，跑腿速度快，服务好', 4.2, 54, 'verified', NOW(), NOW()),
('d0000001-0000-0000-0000-000000000051', 'b0000002-0000-0000-0000-000000000051', '苗春燕', '110102199413230504', '护士执业证', '北京市朝阳区、通州区', 'errand', 'a0000001-0000-0000-0000-000000000003,a0000001-0000-0000-0000-000000000007', '代办出院手续、代取病历，细心可靠', 4.5, 85, 'verified', NOW(), NOW()),
('d0000001-0000-0000-0000-000000000052', 'b0000002-0000-0000-0000-000000000052', '凤志远', '110105199615160517', '健康管理师证', '北京市海淀区', 'errand', 'a0000001-0000-0000-0000-000000000003', '代办医保报销手续经验丰富', 4.3, 62, 'verified', NOW(), NOW()),
('d0000001-0000-0000-0000-000000000053', 'b0000002-0000-0000-0000-000000000053', '花雅琴', '110106199817090520', '护士执业证', '北京市丰台区、房山区', 'errand', 'a0000001-0000-0000-0000-000000000004', '代取检查结果，妥善保管隐私文件', 4.7, 116, 'verified', NOW(), NOW()),
('d0000001-0000-0000-0000-000000000054', 'b0000002-0000-0000-0000-000000000054', '方学文', '110107199019020533', '急救员证、健康管理师证', '北京市石景山区', 'errand', 'a0000001-0000-0000-0000-000000000004', '多年医院跑腿经验，各项手续一手包办', 4.4, 79, 'verified', NOW(), NOW()),
('d0000001-0000-0000-0000-000000000055', 'b0000002-0000-0000-0000-000000000055', '俞素梅', '110108199221250546', '护士执业证', '北京市昌平区、顺义区', 'errand', 'a0000001-0000-0000-0000-000000000008', '代开处方、代取药品，护理专业背景', 4.8, 148, 'verified', NOW(), NOW()),
('d0000001-0000-0000-0000-000000000056', 'b0000002-0000-0000-0000-000000000056', '任德才', '110109199423180559', '健康管理师证', '北京市大兴区', 'errand', 'a0000001-0000-0000-0000-000000000004', '跑腿代办业务老手，口碑好效率高', 4.1, 36, 'verified', NOW(), NOW()),
('d0000001-0000-0000-0000-000000000057', 'b0000002-0000-0000-0000-000000000057', '袁桂花', '110101199625110562', '护士执业证', '北京市西城区、东城区', 'errand', 'a0000001-0000-0000-0000-000000000001,a0000001-0000-0000-0000-000000000002,a0000001-0000-0000-0000-000000000005,a0000001-0000-0000-0000-000000000006,a0000001-0000-0000-0000-000000000008', '代取中药、代煎寄送，贴心服务', 4.6, 103, 'verified', NOW(), NOW()),
('d0000001-0000-0000-0000-000000000058', 'b0000002-0000-0000-0000-000000000058', '柳明远', '110102199827040575', '急救员证', '北京市朝阳区', 'errand', 'a0000001-0000-0000-0000-000000000003,a0000001-0000-0000-0000-000000000007', '代办转诊手续，熟悉各院转诊流程', 4.3, 67, 'verified', NOW(), NOW()),
('d0000001-0000-0000-0000-000000000059', 'b0000002-0000-0000-0000-000000000059', '酆淑芳', '110105199029270588', '护士执业证', '北京市海淀区', 'errand', 'a0000001-0000-0000-0000-000000000003', '代取影像资料、打印报告，细心准确', 4.9, 171, 'verified', NOW(), NOW()),
('d0000001-0000-0000-0000-000000000060', 'b0000002-0000-0000-0000-000000000060', '鲍世杰', '110106199231200591', '健康管理师证', '北京市丰台区', 'errand', 'a0000001-0000-0000-0000-000000000004', '代办住院登记、代交费用，省心省力', 4.2, 49, 'verified', NOW(), NOW()),
('d0000001-0000-0000-0000-000000000061', 'b0000002-0000-0000-0000-000000000061', '史凤英', '110107199433130604', '护士执业证、急救证', '北京市石景山区、门头沟区', 'errand', 'a0000001-0000-0000-0000-000000000004', '全科护理经验，代办各类医院业务', 4.5, 88, 'verified', NOW(), NOW()),
('d0000001-0000-0000-0000-000000000062', 'b0000002-0000-0000-0000-000000000062', '唐正华', '110108199635060617', '健康管理师证', '北京市昌平区', 'errand', 'a0000001-0000-0000-0000-000000000008', '快速响应，代办速度快，客户评价高', 4.4, 71, 'verified', NOW(), NOW());

-- 20 pending orders (status=created, companion_id=NULL)
INSERT INTO orders (id, order_number, patient_id, companion_id, hospital_id, service_type, status, appointment_date, appointment_time, description, price, hospital_name, patient_name, created_at, updated_at) VALUES
('c0000001-0000-0000-0000-000000000001', 'YLA2026040201A1B2C3', 'b0000001-0000-0000-0000-000000000001', NULL, 'a0000001-0000-0000-0000-000000000001', 'full_accompany', 'created', '2026-04-05', '08:30', '第一次来协和看内科，不熟悉流程，需要全程陪同', 299.0, '北京协和医院', '张先生', NOW() - interval '2 hours', NOW() - interval '2 hours'),
('c0000001-0000-0000-0000-000000000002', 'YLA2026040202D4E5F6', 'b0000001-0000-0000-0000-000000000002', NULL, 'a0000001-0000-0000-0000-000000000002', 'half_accompany', 'created', '2026-04-05', '09:00', '陪同老人去北大医院做体检', 199.0, '北京大学第一医院', '李女士', NOW() - interval '110 minutes', NOW() - interval '110 minutes'),
('c0000001-0000-0000-0000-000000000003', 'YLA2026040203G7H8I9', 'b0000001-0000-0000-0000-000000000003', NULL, 'a0000001-0000-0000-0000-000000000003', 'full_accompany', 'created', '2026-04-06', '07:30', '腿脚不便，需要轮椅接送到中日友好看骨科', 299.0, '中日友好医院', '王大爷', NOW() - interval '100 minutes', NOW() - interval '100 minutes'),
('c0000001-0000-0000-0000-000000000004', 'YLA2026040204J1K2L3', 'b0000001-0000-0000-0000-000000000004', NULL, 'a0000001-0000-0000-0000-000000000001', 'errand', 'created', '2026-04-06', '10:00', '帮忙代取检查报告和药品', 149.0, '北京协和医院', '刘阿姨', NOW() - interval '90 minutes', NOW() - interval '90 minutes'),
('c0000001-0000-0000-0000-000000000005', 'YLA2026040205M4N5O6', 'b0000001-0000-0000-0000-000000000005', NULL, 'a0000001-0000-0000-0000-000000000004', 'full_accompany', 'created', '2026-04-07', '08:00', '天坛医院做脑部CT，需要全程陪同', 299.0, '北京天坛医院', '赵女士', NOW() - interval '80 minutes', NOW() - interval '80 minutes'),
('c0000001-0000-0000-0000-000000000006', 'YLA2026040206P7Q8R9', 'b0000001-0000-0000-0000-000000000006', NULL, 'a0000001-0000-0000-0000-000000000005', 'half_accompany', 'created', '2026-04-07', '09:30', '宣武医院复查，半天即可', 199.0, '宣武医院', '孙先生', NOW() - interval '70 minutes', NOW() - interval '70 minutes'),
('c0000001-0000-0000-0000-000000000007', 'YLA2026040207S1T2U3', 'b0000001-0000-0000-0000-000000000007', NULL, 'a0000001-0000-0000-0000-000000000006', 'full_accompany', 'created', '2026-04-07', '08:30', '带孩子去儿童医院看耳鼻喉科', 299.0, '北京儿童医院', '周阿姨', NOW() - interval '60 minutes', NOW() - interval '60 minutes'),
('c0000001-0000-0000-0000-000000000008', 'YLA2026040208V4W5X6', 'b0000001-0000-0000-0000-000000000008', NULL, 'a0000001-0000-0000-0000-000000000007', 'errand', 'created', '2026-04-08', '14:00', '代挂号，朝阳医院消化内科', 149.0, '朝阳医院', '吴大爷', NOW() - interval '50 minutes', NOW() - interval '50 minutes'),
('c0000001-0000-0000-0000-000000000009', 'YLA2026040209Y7Z8A1', 'b0000001-0000-0000-0000-000000000001', NULL, 'a0000001-0000-0000-0000-000000000008', 'half_accompany', 'created', '2026-04-08', '09:00', '积水潭医院拍片，陪同半天', 199.0, '北京积水潭医院', '张先生', NOW() - interval '40 minutes', NOW() - interval '40 minutes'),
('c0000001-0000-0000-0000-000000000010', 'YLA2026040210B2C3D4', 'b0000001-0000-0000-0000-000000000002', NULL, 'a0000001-0000-0000-0000-000000000003', 'full_accompany', 'created', '2026-04-08', '07:00', '中日友好医院手术前检查，全程陪同', 299.0, '中日友好医院', '李女士', NOW() - interval '35 minutes', NOW() - interval '35 minutes'),
('c0000001-0000-0000-0000-000000000011', 'YLA2026040211E5F6G7', 'b0000001-0000-0000-0000-000000000003', NULL, 'a0000001-0000-0000-0000-000000000001', 'errand', 'created', '2026-04-09', '11:00', '协和医院代取化验单', 149.0, '北京协和医院', '王大爷', NOW() - interval '30 minutes', NOW() - interval '30 minutes'),
('c0000001-0000-0000-0000-000000000012', 'YLA2026040212H8I9J1', 'b0000001-0000-0000-0000-000000000004', NULL, 'a0000001-0000-0000-0000-000000000004', 'full_accompany', 'created', '2026-04-09', '08:00', '天坛医院做核磁共振，需要有人陪', 299.0, '北京天坛医院', '刘阿姨', NOW() - interval '25 minutes', NOW() - interval '25 minutes'),
('c0000001-0000-0000-0000-000000000013', 'YLA2026040213K2L3M4', 'b0000001-0000-0000-0000-000000000005', NULL, 'a0000001-0000-0000-0000-000000000002', 'half_accompany', 'created', '2026-04-09', '13:30', '北大医院看皮肤科，下午半天', 199.0, '北京大学第一医院', '赵女士', NOW() - interval '20 minutes', NOW() - interval '20 minutes'),
('c0000001-0000-0000-0000-000000000014', 'YLA2026040214N5O6P7', 'b0000001-0000-0000-0000-000000000006', NULL, 'a0000001-0000-0000-0000-000000000005', 'full_accompany', 'created', '2026-04-10', '08:00', '宣武医院住院前检查，全天陪同', 299.0, '宣武医院', '孙先生', NOW() - interval '15 minutes', NOW() - interval '15 minutes'),
('c0000001-0000-0000-0000-000000000015', 'YLA2026040215Q8R9S1', 'b0000001-0000-0000-0000-000000000007', NULL, 'a0000001-0000-0000-0000-000000000007', 'errand', 'created', '2026-04-10', '15:00', '朝阳医院代开处方药', 149.0, '朝阳医院', '周阿姨', NOW() - interval '10 minutes', NOW() - interval '10 minutes'),
('c0000001-0000-0000-0000-000000000016', 'YLA2026040216T2U3V4', 'b0000001-0000-0000-0000-000000000008', NULL, 'a0000001-0000-0000-0000-000000000006', 'half_accompany', 'created', '2026-04-10', '09:00', '儿童医院带小孩打疫苗', 199.0, '北京儿童医院', '吴大爷', NOW() - interval '8 minutes', NOW() - interval '8 minutes'),
('c0000001-0000-0000-0000-000000000017', 'YLA2026040217W5X6Y7', 'b0000001-0000-0000-0000-000000000001', NULL, 'a0000001-0000-0000-0000-000000000008', 'full_accompany', 'created', '2026-04-11', '07:30', '积水潭医院做关节手术前评估', 299.0, '北京积水潭医院', '张先生', NOW() - interval '6 minutes', NOW() - interval '6 minutes'),
('c0000001-0000-0000-0000-000000000018', 'YLA2026040218Z8A1B2', 'b0000001-0000-0000-0000-000000000002', NULL, 'a0000001-0000-0000-0000-000000000001', 'errand', 'created', '2026-04-11', '10:30', '协和药房代取长期用药', 149.0, '北京协和医院', '李女士', NOW() - interval '4 minutes', NOW() - interval '4 minutes'),
('c0000001-0000-0000-0000-000000000019', 'YLA2026040219C3D4E5', 'b0000001-0000-0000-0000-000000000003', NULL, 'a0000001-0000-0000-0000-000000000004', 'half_accompany', 'created', '2026-04-12', '08:30', '天坛复查，取结果看医生', 199.0, '北京天坛医院', '王大爷', NOW() - interval '2 minutes', NOW() - interval '2 minutes'),
('c0000001-0000-0000-0000-000000000020', 'YLA2026040220F6G7H8', 'b0000001-0000-0000-0000-000000000004', NULL, 'a0000001-0000-0000-0000-000000000003', 'full_accompany', 'created', '2026-04-12', '07:00', '中日友好医院术后复查，行动不便需全程陪同', 299.0, '中日友好医院', '刘阿姨', NOW() - interval '1 minute', NOW() - interval '1 minute');
