-- ============================================================================
-- YiLuAn seed data (rebuilt 2026-04-17)
-- 场景覆盖: 用户 / 医院 / 订单状态机 / 聊天 / 通知 / 支付 / 评价
-- 固定测试账号 (手机号 + DEV OTP 000000 登录):
--   患者:    13800000001 / 13800000002 / 13800000003
--   陪诊师:  13900000001 / 13900000002 / 13900000003
--   管理员:  13700000001
-- 注意: 当前项目无 password_hash 字段，登录走手机号 OTP,
--       开发环境 OTP 固定 "000000"。所谓"统一密码 Test@1234" 在此系统
--       语境下无对应字段，已以 DEV OTP 方式统一; 见交付报告说明。
-- ============================================================================

-- -------------------- 医院 (共 22 家，覆盖北京/上海/广州/深圳) --------------------
INSERT INTO hospitals (id, name, address, level, province, city, district, tags, latitude, longitude, created_at) VALUES
-- 北京 8 家
('a0000001-0000-0000-0000-000000000001', '北京协和医院',       '北京市东城区帅府园1号',         '三甲', '北京', '北京',  '东城区', '综合医院,医保定点,教学医院,全国重点专科', 39.9120, 116.4150, NOW()),
('a0000001-0000-0000-0000-000000000002', '北京大学第一医院',   '北京市西城区西什库大街8号',     '三甲', '北京', '北京',  '西城区', '综合医院,医保定点,教学医院,全国重点专科', 39.9266, 116.3736, NOW()),
('a0000001-0000-0000-0000-000000000003', '中日友好医院',       '北京市朝阳区樱花园东街2号',     '三甲', '北京', '北京',  '朝阳区', '综合医院,医保定点,教学医院',             39.9876, 116.4173, NOW()),
('a0000001-0000-0000-0000-000000000004', '北京天坛医院',       '北京市丰台区南四环西路119号',   '三甲', '北京', '北京',  '丰台区', '综合医院,医保定点,教学医院,神经专科',     39.8374, 116.2884, NOW()),
('a0000001-0000-0000-0000-000000000005', '首都医科大学宣武医院','北京市西城区长椿街45号',        '三甲', '北京', '北京',  '西城区', '综合医院,医保定点,教学医院',             39.8936, 116.3543, NOW()),
('a0000001-0000-0000-0000-000000000006', '北京儿童医院',       '北京市西城区南礼士路56号',     '三甲', '北京', '北京',  '西城区', '专科医院,儿科,医保定点,教学医院',         39.9073, 116.3474, NOW()),
('a0000001-0000-0000-0000-000000000007', '北京朝阳医院',       '北京市朝阳区工人体育场南路8号', '三甲', '北京', '北京',  '朝阳区', '综合医院,医保定点,急救中心',             39.9278, 116.4473, NOW()),
('a0000001-0000-0000-0000-000000000008', '北京积水潭医院',     '北京市西城区新街口东街31号',   '三甲', '北京', '北京',  '西城区', '综合医院,骨科,医保定点,教学医院',         39.9405, 116.3764, NOW()),
-- 上海 5 家
('a0000001-0000-0000-0000-000000000101', '复旦大学附属中山医院','上海市徐汇区枫林路180号',       '三甲', '上海', '上海',  '徐汇区', '综合医院,医保定点,教学医院',             31.1946, 121.4498, NOW()),
('a0000001-0000-0000-0000-000000000102', '上海交通大学附属瑞金医院','上海市黄浦区瑞金二路197号', '三甲', '上海', '上海',  '黄浦区', '综合医院,医保定点,教学医院',             31.2116, 121.4694, NOW()),
('a0000001-0000-0000-0000-000000000103', '上海儿童医学中心',   '上海市浦东新区东方路1678号',   '三甲', '上海', '上海',  '浦东新区', '专科医院,儿科,医保定点',                 31.2010, 121.5290, NOW()),
('a0000001-0000-0000-0000-000000000104', '华山医院',           '上海市静安区乌鲁木齐中路12号', '三甲', '上海', '上海',  '静安区', '综合医院,医保定点,神经专科',             31.2154, 121.4499, NOW()),
('a0000001-0000-0000-0000-000000000105', '上海市第一人民医院', '上海市虹口区武进路85号',       '三乙', '上海', '上海',  '虹口区', '综合医院,医保定点',                       31.2655, 121.4708, NOW()),
-- 广州 5 家
('a0000001-0000-0000-0000-000000000201', '中山大学附属第一医院','广州市越秀区中山二路58号',     '三甲', '广东', '广州',  '越秀区', '综合医院,医保定点,教学医院',             23.1291, 113.2880, NOW()),
('a0000001-0000-0000-0000-000000000202', '广州市第一人民医院', '广州市越秀区盘福路1号',         '三甲', '广东', '广州',  '越秀区', '综合医院,医保定点',                       23.1370, 113.2544, NOW()),
('a0000001-0000-0000-0000-000000000203', '广东省人民医院',     '广州市越秀区中山二路106号',     '三甲', '广东', '广州',  '越秀区', '综合医院,医保定点,教学医院',             23.1303, 113.2872, NOW()),
('a0000001-0000-0000-0000-000000000204', '广州市妇女儿童医疗中心','广州市天河区金穗路9号',       '三甲', '广东', '广州',  '天河区', '专科医院,儿科,妇产,医保定点',             23.1201, 113.3310, NOW()),
('a0000001-0000-0000-0000-000000000205', '南方医科大学南方医院','广州市白云区广州大道北1838号', '三乙', '广东', '广州',  '白云区', '综合医院,医保定点,教学医院',             23.1826, 113.3128, NOW()),
-- 深圳 4 家
('a0000001-0000-0000-0000-000000000301', '深圳市人民医院',     '深圳市罗湖区东门北路1017号',   '三甲', '广东', '深圳',  '罗湖区', '综合医院,医保定点',                       22.5543, 114.1390, NOW()),
('a0000001-0000-0000-0000-000000000302', '北京大学深圳医院',   '深圳市福田区莲花路1120号',     '三甲', '广东', '深圳',  '福田区', '综合医院,医保定点,教学医院',             22.5480, 114.0621, NOW()),
('a0000001-0000-0000-0000-000000000303', '深圳市儿童医院',     '深圳市福田区益田路7019号',     '三甲', '广东', '深圳',  '福田区', '专科医院,儿科,医保定点',                   22.5328, 114.0584, NOW()),
('a0000001-0000-0000-0000-000000000304', '深圳市第二人民医院', '深圳市福田区笋岗西路3002号',   '二甲', '广东', '深圳',  '福田区', '综合医院,医保定点',                       22.5671, 114.0865, NOW());

-- ============================================================================
-- 用户 (共 31 个: 1 管理员 + 10 患者 + 15 陪诊师 + 2 软删 + 3 延伸患者)
-- 统一登录方式: 手机号 OTP, 开发环境 OTP 固定 '000000'
-- role/roles: patient/companion; 管理员在 users 表无专用枚举, 以 roles='admin' 标记
-- ============================================================================

-- --- 管理员 ---
INSERT INTO users (id, phone, wechat_openid, wechat_unionid, role, roles, display_name, avatar_url, is_active, created_at, updated_at, deleted_at) VALUES
('b0000000-0000-0000-0000-000000000001', '13700000001', NULL, NULL, NULL, 'admin', '系统管理员', NULL, true, NOW(), NOW(), NULL);

-- --- 患者 (10 个, 北京/上海/广州分布; 前3个为固定交付账号) ---
INSERT INTO users (id, phone, wechat_openid, wechat_unionid, role, roles, display_name, avatar_url, is_active, created_at, updated_at, deleted_at) VALUES
('b0000001-0000-0000-0000-000000000001', '13800000001', NULL, NULL, 'patient', 'patient', '测试患者A', NULL, true, NOW(), NOW(), NULL),
('b0000001-0000-0000-0000-000000000002', '13800000002', NULL, NULL, 'patient', 'patient', '测试患者B', NULL, true, NOW(), NOW(), NULL),
('b0000001-0000-0000-0000-000000000003', '13800000003', NULL, NULL, 'patient', 'patient', '测试患者C', NULL, true, NOW(), NOW(), NULL),
('b0000001-0000-0000-0000-000000000004', '13800000004', NULL, NULL, 'patient', 'patient', '张先生',   NULL, true, NOW(), NOW(), NULL),
('b0000001-0000-0000-0000-000000000005', '13800000005', NULL, NULL, 'patient', 'patient', '李女士',   NULL, true, NOW(), NOW(), NULL),
('b0000001-0000-0000-0000-000000000006', '13800000006', NULL, NULL, 'patient', 'patient', '王大爷',   NULL, true, NOW(), NOW(), NULL),
('b0000001-0000-0000-0000-000000000007', '13800000007', NULL, NULL, 'patient', 'patient', '刘阿姨',   NULL, true, NOW(), NOW(), NULL),
('b0000001-0000-0000-0000-000000000008', '13800000008', NULL, NULL, 'patient', 'patient', '赵女士',   NULL, true, NOW(), NOW(), NULL),
('b0000001-0000-0000-0000-000000000009', '13800000009', NULL, NULL, 'patient', 'patient', '孙先生',   NULL, true, NOW(), NOW(), NULL),
('b0000001-0000-0000-0000-000000000010', '13800000010', NULL, NULL, 'patient', 'patient', '周阿姨',   NULL, true, NOW(), NOW(), NULL);

-- --- 陪诊师 (15 个: 10 active + 2 pending + 1 rejected + 2 用于测试状态机) ---
-- 前 3 个为固定交付账号
INSERT INTO users (id, phone, wechat_openid, wechat_unionid, role, roles, display_name, avatar_url, is_active, created_at, updated_at, deleted_at) VALUES
('b0000002-0000-0000-0000-000000000001', '13900000001', NULL, NULL, 'companion', 'companion', '测试陪诊师A', NULL, true, NOW(), NOW(), NULL),
('b0000002-0000-0000-0000-000000000002', '13900000002', NULL, NULL, 'companion', 'companion', '测试陪诊师B', NULL, true, NOW(), NOW(), NULL),
('b0000002-0000-0000-0000-000000000003', '13900000003', NULL, NULL, 'companion', 'companion', '测试陪诊师C', NULL, true, NOW(), NOW(), NULL),
('b0000002-0000-0000-0000-000000000004', '13900000004', NULL, NULL, 'companion', 'companion', '陈护士',       NULL, true, NOW(), NOW(), NULL),
('b0000002-0000-0000-0000-000000000005', '13900000005', NULL, NULL, 'companion', 'companion', '林医助',       NULL, true, NOW(), NOW(), NULL),
('b0000002-0000-0000-0000-000000000006', '13900000006', NULL, NULL, 'companion', 'companion', '王护士',       NULL, true, NOW(), NOW(), NULL),
('b0000002-0000-0000-0000-000000000007', '13900000007', NULL, NULL, 'companion', 'companion', '赵医助',       NULL, true, NOW(), NOW(), NULL),
('b0000002-0000-0000-0000-000000000008', '13900000008', NULL, NULL, 'companion', 'companion', '钱护士',       NULL, true, NOW(), NOW(), NULL),
('b0000002-0000-0000-0000-000000000009', '13900000009', NULL, NULL, 'companion', 'companion', '孙医助',       NULL, true, NOW(), NOW(), NULL),
('b0000002-0000-0000-0000-000000000010', '13900000010', NULL, NULL, 'companion', 'companion', '周护士',       NULL, true, NOW(), NOW(), NULL),
('b0000002-0000-0000-0000-000000000011', '13900000011', NULL, NULL, 'companion', 'companion', '吴医助 (待审核)', NULL, true, NOW(), NOW(), NULL),
('b0000002-0000-0000-0000-000000000012', '13900000012', NULL, NULL, 'companion', 'companion', '郑护士 (待审核)', NULL, true, NOW(), NOW(), NULL),
('b0000002-0000-0000-0000-000000000013', '13900000013', NULL, NULL, 'companion', 'companion', '冯医助 (驳回)',   NULL, true, NOW(), NOW(), NULL),
('b0000002-0000-0000-0000-000000000014', '13900000014', NULL, NULL, 'companion', 'companion', '褚护士',       NULL, true, NOW(), NOW(), NULL),
('b0000002-0000-0000-0000-000000000015', '13900000015', NULL, NULL, 'companion', 'companion', '卫医助',       NULL, true, NOW(), NOW(), NULL);

-- --- 2 个被软删除用户 ---
INSERT INTO users (id, phone, wechat_openid, wechat_unionid, role, roles, display_name, avatar_url, is_active, created_at, updated_at, deleted_at) VALUES
('b0000003-0000-0000-0000-000000000001', '13600000001', NULL, NULL, 'patient',   'patient',   '已注销患者', NULL, false, NOW() - interval '30 days', NOW() - interval '10 days', NOW() - interval '10 days'),
('b0000003-0000-0000-0000-000000000002', '13600000002', NULL, NULL, 'companion', 'companion', '已注销陪诊师', NULL, false, NOW() - interval '30 days', NOW() - interval '5 days',  NOW() - interval '5 days');

-- ============================================================================
-- 患者档案 (patient_profiles) — 前 3 个交付账号 + 其他患者
-- ============================================================================
INSERT INTO patient_profiles (id, user_id, emergency_contact, emergency_phone, medical_notes, preferred_hospital_id, created_at, updated_at) VALUES
('e0000001-0000-0000-0000-000000000001', 'b0000001-0000-0000-0000-000000000001', '张太太',   '13800100001', '高血压，长期服用降压药',       'a0000001-0000-0000-0000-000000000001', NOW(), NOW()),
('e0000001-0000-0000-0000-000000000002', 'b0000001-0000-0000-0000-000000000002', '李先生',   '13800100002', '糖尿病II型，需定期复查',       'a0000001-0000-0000-0000-000000000101', NOW(), NOW()),
('e0000001-0000-0000-0000-000000000003', 'b0000001-0000-0000-0000-000000000003', '王儿子',   '13800100003', '膝关节退行性病变，行动不便需轮椅', 'a0000001-0000-0000-0000-000000000201', NOW(), NOW()),
('e0000001-0000-0000-0000-000000000004', 'b0000001-0000-0000-0000-000000000004', '刘女儿',   '13800100004', '甲状腺结节，定期随访',         'a0000001-0000-0000-0000-000000000001', NOW(), NOW()),
('e0000001-0000-0000-0000-000000000005', 'b0000001-0000-0000-0000-000000000005', NULL,       NULL,          '无特殊病史',                 NULL,                                    NOW(), NOW()),
('e0000001-0000-0000-0000-000000000006', 'b0000001-0000-0000-0000-000000000006', '赵先生',   '13800100005', '腰椎间盘突出，不宜久坐',       'a0000001-0000-0000-0000-000000000005', NOW(), NOW()),
('e0000001-0000-0000-0000-000000000007', 'b0000001-0000-0000-0000-000000000007', '孙太太',   '13800100006', '无特殊病史',                 'a0000001-0000-0000-0000-000000000105', NOW(), NOW()),
('e0000001-0000-0000-0000-000000000008', 'b0000001-0000-0000-0000-000000000008', '周儿子',   '13800100007', '孙子3岁，反复呼吸道感染',     'a0000001-0000-0000-0000-000000000006', NOW(), NOW()),
('e0000001-0000-0000-0000-000000000009', 'b0000001-0000-0000-0000-000000000009', '吴女儿',   '13800100008', '心脏支架术后，需定期复查',     'a0000001-0000-0000-0000-000000000203', NOW(), NOW()),
('e0000001-0000-0000-0000-000000000010', 'b0000001-0000-0000-0000-000000000010', NULL,       NULL,          NULL,                        NULL,                                    NOW(), NOW());

-- ============================================================================
-- 陪诊师档案 (companion_profiles)
-- service_types 取值: full_accompany/half_accompany/errand (逗号拼接)
-- verification_status: pending / verified / rejected
-- ============================================================================
INSERT INTO companion_profiles (id, user_id, real_name, id_number, certifications, service_area, service_types, service_hospitals, service_city, bio, avg_rating, total_orders, verification_status, created_at, updated_at) VALUES
-- 3 个固定交付陪诊师 (active + verified)
('d0000001-0000-0000-0000-000000000001', 'b0000002-0000-0000-0000-000000000001', '陈晓燕', '110101199203150024', '护士执业证,急救证', '北京市西城区,东城区', 'full_accompany,half_accompany,errand', 'a0000001-0000-0000-0000-000000000001,a0000001-0000-0000-0000-000000000002,a0000001-0000-0000-0000-000000000005', '北京', '三甲医院5年护理经验', 4.8, 126, 'verified', NOW(), NOW()),
('d0000001-0000-0000-0000-000000000002', 'b0000002-0000-0000-0000-000000000002', '林志强', '310101199508220031', '健康管理师证',       '上海市浦东,徐汇区',   'full_accompany,half_accompany',       'a0000001-0000-0000-0000-000000000101,a0000001-0000-0000-0000-000000000103',                                        '上海', '上海儿童医院陪诊专家', 4.6,  89, 'verified', NOW(), NOW()),
('d0000001-0000-0000-0000-000000000003', 'b0000002-0000-0000-0000-000000000003', '黄雪梅', '440101199105120041', '护士执业证',         '广州市越秀区,天河区', 'full_accompany,errand',               'a0000001-0000-0000-0000-000000000201,a0000001-0000-0000-0000-000000000203,a0000001-0000-0000-0000-000000000204',    '广州', '中山大学附一院多年陪诊经验', 4.7, 104, 'verified', NOW(), NOW()),
-- 其他 7 个 active+verified
('d0000001-0000-0000-0000-000000000004', 'b0000002-0000-0000-0000-000000000004', '王秀英', '110101199105120042', '护士执业证', '北京市东城区',   'full_accompany',                     'a0000001-0000-0000-0000-000000000001,a0000001-0000-0000-0000-000000000002', '北京', '10年护理经验', 4.9, 186, 'verified', NOW(), NOW()),
('d0000001-0000-0000-0000-000000000005', 'b0000002-0000-0000-0000-000000000005', '赵建国', '110102199308150032', '急救员证',   '北京市朝阳区',   'full_accompany,errand',               'a0000001-0000-0000-0000-000000000003,a0000001-0000-0000-0000-000000000007', '北京', '退役军医',     4.7, 143, 'verified', NOW(), NOW()),
('d0000001-0000-0000-0000-000000000006', 'b0000002-0000-0000-0000-000000000006', '钱丽华', '110105199406280045', '康复师证',   '北京市海淀区',   'full_accompany',                     'a0000001-0000-0000-0000-000000000003',                                       '北京', '康复科背景',   4.5,  98, 'verified', NOW(), NOW()),
('d0000001-0000-0000-0000-000000000007', 'b0000002-0000-0000-0000-000000000007', '孙伟明', '310106199207100058', '健康管理师证','上海市黄浦区',   'half_accompany',                     'a0000001-0000-0000-0000-000000000102,a0000001-0000-0000-0000-000000000104', '上海', '瑞金医院熟络', 4.3,  67, 'verified', NOW(), NOW()),
('d0000001-0000-0000-0000-000000000008', 'b0000002-0000-0000-0000-000000000008', '周雪梅', '310107199509180062', '护士执业证','上海市虹口区',   'full_accompany,half_accompany',       'a0000001-0000-0000-0000-000000000105',                                       '上海', '儿科经验',     4.8, 112, 'verified', NOW(), NOW()),
('d0000001-0000-0000-0000-000000000009', 'b0000002-0000-0000-0000-000000000009', '吴志远', '440108199104230075', '急救员证',   '广州市白云区',   'errand',                              'a0000001-0000-0000-0000-000000000205',                                       '广州', '代办专家',     4.6, 134, 'verified', NOW(), NOW()),
('d0000001-0000-0000-0000-000000000010', 'b0000002-0000-0000-0000-000000000010', '郑美玲', '440109199302140088', '护士执业证','广州市越秀区',   'full_accompany',                     'a0000001-0000-0000-0000-000000000202',                                       '广州', '产科护士',     4.4,  78, 'verified', NOW(), NOW()),
-- 2 个 pending 待审核
('d0000001-0000-0000-0000-000000000011', 'b0000002-0000-0000-0000-000000000011', '吴待审', '110101199608050091', NULL,         '北京市丰台区',   'full_accompany',                     NULL,                                                                         '北京', '新入职,待审核',  0.0,   0, 'pending',  NOW(), NOW()),
('d0000001-0000-0000-0000-000000000012', 'b0000002-0000-0000-0000-000000000012', '郑待审', '310102199011200104', NULL,         '上海市静安区',   'half_accompany,errand',               NULL,                                                                         '上海', '新入职,待审核',  0.0,   0, 'pending',  NOW(), NOW()),
-- 1 个 rejected 驳回
('d0000001-0000-0000-0000-000000000013', 'b0000002-0000-0000-0000-000000000013', '冯驳回', '440105199403170117', '无',          '广州市天河区',   'errand',                              NULL,                                                                         '广州', '资质不全被驳回', 0.0,   0, 'rejected', NOW(), NOW()),
-- 深圳 2 个 active
('d0000001-0000-0000-0000-000000000014', 'b0000002-0000-0000-0000-000000000014', '褚桂兰', '440301199011200104', '护士执业证', '深圳市福田区',   'full_accompany,half_accompany,errand', 'a0000001-0000-0000-0000-000000000301,a0000001-0000-0000-0000-000000000302,a0000001-0000-0000-0000-000000000303', '深圳', 'ICU护理经验', 5.0, 198, 'verified', NOW(), NOW()),
('d0000001-0000-0000-0000-000000000015', 'b0000002-0000-0000-0000-000000000015', '卫东海', '440303199403170117', '健康管理师证','深圳市罗湖区',   'half_accompany,errand',               'a0000001-0000-0000-0000-000000000301,a0000001-0000-0000-0000-000000000304',                                     '深圳', '门诊陪诊',     4.5,  88, 'verified', NOW(), NOW());
-- ============================================================================
-- orders
-- ============================================================================
INSERT INTO orders (id, order_number, patient_id, companion_id, hospital_id, service_type, status, appointment_date, appointment_time, description, price, hospital_name, companion_name, patient_name, expires_at, created_at, updated_at) VALUES
('c0000001-0000-0000-0000-000000000001', 'YLA202604170001', 'b0000001-0000-0000-0000-000000000001', NULL, 'a0000001-0000-0000-0000-000000000001', 'full_accompany', 'created', '2026-04-20', '08:30', '第一次来协和看内科，不熟悉流程', 299.0, '北京协和医院', NULL, '测试患者A', NOW() + interval '25 minutes', NOW() - interval '5 minutes', NOW() - interval '5 minutes'),
('c0000001-0000-0000-0000-000000000002', 'YLA202604170002', 'b0000001-0000-0000-0000-000000000002', NULL, 'a0000001-0000-0000-0000-000000000101', 'half_accompany', 'created', '2026-04-21', '09:00', '陪同老人去中山医院做体检', 199.0, '复旦大学附属中山医院', NULL, '测试患者B', NOW() + interval '20 minutes', NOW() - interval '10 minutes', NOW() - interval '10 minutes'),
('c0000001-0000-0000-0000-000000000003', 'YLA202604170003', 'b0000001-0000-0000-0000-000000000003', NULL, 'a0000001-0000-0000-0000-000000000201', 'full_accompany', 'created', '2026-04-22', '07:30', '中山一院看骨科，需要轮椅', 299.0, '中山大学附属第一医院', NULL, '测试患者C', NOW() + interval '15 minutes', NOW() - interval '15 minutes', NOW() - interval '15 minutes'),
('c0000001-0000-0000-0000-000000000004', 'YLA202604170004', 'b0000001-0000-0000-0000-000000000004', NULL, 'a0000001-0000-0000-0000-000000000004', 'errand', 'created', '2026-04-20', '10:00', '代取检查报告和药品', 149.0, '北京天坛医院', NULL, '张先生', NOW() + interval '10 minutes', NOW() - interval '20 minutes', NOW() - interval '20 minutes'),
('c0000001-0000-0000-0000-000000000005', 'YLA202604170005', 'b0000001-0000-0000-0000-000000000005', NULL, 'a0000001-0000-0000-0000-000000000103', 'full_accompany', 'created', '2026-04-23', '08:00', '广播订单: 上海儿童医学中心', 299.0, '上海儿童医学中心', NULL, '李女士', NOW() + interval '29 minutes', NOW() - interval '1 minute', NOW() - interval '1 minute'),
('c0000001-0000-0000-0000-000000000006', 'YLA202604170006', 'b0000001-0000-0000-0000-000000000001', 'b0000002-0000-0000-0000-000000000001', 'a0000001-0000-0000-0000-000000000002', 'full_accompany', 'accepted', '2026-04-25', '09:00', '已接单场景1', 299.0, '北京大学第一医院', '测试陪诊师A', '测试患者A', NOW() + interval '2 hours', NOW() - interval '10 minutes', NOW() - interval '10 minutes'),
('c0000001-0000-0000-0000-000000000007', 'YLA202604170007', 'b0000001-0000-0000-0000-000000000002', 'b0000002-0000-0000-0000-000000000002', 'a0000001-0000-0000-0000-000000000102', 'half_accompany', 'accepted', '2026-04-25', '09:00', '已接单场景2', 199.0, '上海交通大学附属瑞金医院', '测试陪诊师B', '测试患者B', NOW() + interval '2 hours', NOW() - interval '20 minutes', NOW() - interval '20 minutes'),
('c0000001-0000-0000-0000-000000000008', 'YLA202604170008', 'b0000001-0000-0000-0000-000000000003', 'b0000002-0000-0000-0000-000000000003', 'a0000001-0000-0000-0000-000000000202', 'errand', 'accepted', '2026-04-25', '09:00', '已接单场景3', 149.0, '广州市第一人民医院', '测试陪诊师C', '测试患者C', NOW() + interval '2 hours', NOW() - interval '30 minutes', NOW() - interval '30 minutes'),
('c0000001-0000-0000-0000-000000000009', 'YLA202604170009', 'b0000001-0000-0000-0000-000000000004', 'b0000002-0000-0000-0000-000000000004', 'a0000001-0000-0000-0000-000000000007', 'full_accompany', 'accepted', '2026-04-25', '09:00', '已接单场景4', 299.0, '北京朝阳医院', '王秀英', '张先生', NOW() + interval '2 hours', NOW() - interval '40 minutes', NOW() - interval '40 minutes'),
('c0000001-0000-0000-0000-000000000010', 'YLA202604170010', 'b0000001-0000-0000-0000-000000000005', 'b0000002-0000-0000-0000-000000000005', 'a0000001-0000-0000-0000-000000000301', 'half_accompany', 'accepted', '2026-04-25', '09:00', '已接单场景5', 199.0, '深圳市人民医院', '赵建国', '李女士', NOW() + interval '2 hours', NOW() - interval '50 minutes', NOW() - interval '50 minutes'),
('c0000001-0000-0000-0000-000000000011', 'YLA202604170011', 'b0000001-0000-0000-0000-000000000004', 'b0000002-0000-0000-0000-000000000004', 'a0000001-0000-0000-0000-000000000003', 'full_accompany', 'in_progress', '2026-04-17', '08:30', '服务进行中1', 299.0, '中日友好医院', '王秀英', '张先生', NULL, NOW() - interval '1 hours', NOW() - interval '1 hours'),
('c0000001-0000-0000-0000-000000000012', 'YLA202604170012', 'b0000001-0000-0000-0000-000000000005', 'b0000002-0000-0000-0000-000000000005', 'a0000001-0000-0000-0000-000000000104', 'full_accompany', 'in_progress', '2026-04-17', '08:30', '服务进行中2', 299.0, '华山医院', '赵建国', '李女士', NULL, NOW() - interval '2 hours', NOW() - interval '2 hours'),
('c0000001-0000-0000-0000-000000000013', 'YLA202604170013', 'b0000001-0000-0000-0000-000000000006', 'b0000002-0000-0000-0000-000000000006', 'a0000001-0000-0000-0000-000000000203', 'full_accompany', 'in_progress', '2026-04-17', '08:30', '服务进行中3', 299.0, '广东省人民医院', '钱丽华', '王大爷', NULL, NOW() - interval '3 hours', NOW() - interval '3 hours'),
('c0000001-0000-0000-0000-000000000014', 'YLA202604170014', 'b0000001-0000-0000-0000-000000000001', 'b0000002-0000-0000-0000-000000000001', 'a0000001-0000-0000-0000-000000000001', 'full_accompany', 'reviewed', '2026-04-10', '08:00', '已完成订单1', 299.0, '北京协和医院', '测试陪诊师A', '测试患者A', NULL, NOW() - interval '1 days', NOW() - interval '1 days'),
('c0000001-0000-0000-0000-000000000015', 'YLA202604170015', 'b0000001-0000-0000-0000-000000000002', 'b0000002-0000-0000-0000-000000000002', 'a0000001-0000-0000-0000-000000000002', 'half_accompany', 'reviewed', '2026-04-10', '08:00', '已完成订单2', 199.0, '北京大学第一医院', '测试陪诊师B', '测试患者B', NULL, NOW() - interval '2 days', NOW() - interval '2 days'),
('c0000001-0000-0000-0000-000000000016', 'YLA202604170016', 'b0000001-0000-0000-0000-000000000003', 'b0000002-0000-0000-0000-000000000003', 'a0000001-0000-0000-0000-000000000101', 'errand', 'reviewed', '2026-04-10', '08:00', '已完成订单3', 149.0, '复旦大学附属中山医院', '测试陪诊师C', '测试患者C', NULL, NOW() - interval '3 days', NOW() - interval '3 days'),
('c0000001-0000-0000-0000-000000000017', 'YLA202604170017', 'b0000001-0000-0000-0000-000000000004', 'b0000002-0000-0000-0000-000000000004', 'a0000001-0000-0000-0000-000000000201', 'full_accompany', 'completed', '2026-04-10', '08:00', '已完成订单4', 299.0, '中山大学附属第一医院', '王秀英', '张先生', NULL, NOW() - interval '4 days', NOW() - interval '4 days'),
('c0000001-0000-0000-0000-000000000018', 'YLA202604170018', 'b0000001-0000-0000-0000-000000000005', 'b0000002-0000-0000-0000-000000000005', 'a0000001-0000-0000-0000-000000000301', 'half_accompany', 'completed', '2026-04-10', '08:00', '已完成订单5', 199.0, '深圳市人民医院', '赵建国', '李女士', NULL, NOW() - interval '5 days', NOW() - interval '5 days'),
('c0000001-0000-0000-0000-000000000019', 'YLA202604170019', 'b0000001-0000-0000-0000-000000000006', 'b0000002-0000-0000-0000-000000000006', 'a0000001-0000-0000-0000-000000000003', 'errand', 'completed', '2026-04-10', '08:00', '已完成订单6', 149.0, '中日友好医院', '钱丽华', '王大爷', NULL, NOW() - interval '6 days', NOW() - interval '6 days'),
('c0000001-0000-0000-0000-000000000020', 'YLA202604170020', 'b0000001-0000-0000-0000-000000000007', 'b0000002-0000-0000-0000-000000000007', 'a0000001-0000-0000-0000-000000000102', 'full_accompany', 'completed', '2026-04-10', '08:00', '已完成订单7', 299.0, '上海交通大学附属瑞金医院', '孙伟明', '刘阿姨', NULL, NOW() - interval '7 days', NOW() - interval '7 days'),
('c0000001-0000-0000-0000-000000000021', 'YLA202604170021', 'b0000001-0000-0000-0000-000000000008', 'b0000002-0000-0000-0000-000000000008', 'a0000001-0000-0000-0000-000000000202', 'half_accompany', 'completed', '2026-04-10', '08:00', '已完成订单8', 199.0, '广州市第一人民医院', '周雪梅', '赵女士', NULL, NOW() - interval '8 days', NOW() - interval '8 days'),
('c0000001-0000-0000-0000-000000000022', 'YLA202604170022', 'b0000001-0000-0000-0000-000000000009', 'b0000002-0000-0000-0000-000000000009', 'a0000001-0000-0000-0000-000000000004', 'errand', 'completed', '2026-04-10', '08:00', '已完成订单9', 149.0, '北京天坛医院', '吴志远', '孙先生', NULL, NOW() - interval '9 days', NOW() - interval '9 days'),
('c0000001-0000-0000-0000-000000000023', 'YLA202604170023', 'b0000001-0000-0000-0000-000000000010', 'b0000002-0000-0000-0000-000000000010', 'a0000001-0000-0000-0000-000000000103', 'full_accompany', 'completed', '2026-04-10', '08:00', '已完成订单10', 299.0, '上海儿童医学中心', '郑美玲', '周阿姨', NULL, NOW() - interval '10 days', NOW() - interval '10 days'),
('c0000001-0000-0000-0000-000000000024', 'YLA202604170024', 'b0000001-0000-0000-0000-000000000001', 'b0000002-0000-0000-0000-000000000001', 'a0000001-0000-0000-0000-000000000005', 'half_accompany', 'cancelled_by_patient', '2026-04-12', '10:00', '患者取消1', 199.0, '首都医科大学宣武医院', '测试陪诊师A', '测试患者A', NULL, NOW() - interval '2 days', NOW() - interval '2 days'),
('c0000001-0000-0000-0000-000000000025', 'YLA202604170025', 'b0000001-0000-0000-0000-000000000002', 'b0000002-0000-0000-0000-000000000002', 'a0000001-0000-0000-0000-000000000105', 'half_accompany', 'cancelled_by_patient', '2026-04-12', '10:00', '患者取消2', 199.0, '上海市第一人民医院', '测试陪诊师B', '测试患者B', NULL, NOW() - interval '3 days', NOW() - interval '3 days'),
('c0000001-0000-0000-0000-000000000026', 'YLA202604170026', 'b0000001-0000-0000-0000-000000000003', 'b0000002-0000-0000-0000-000000000003', 'a0000001-0000-0000-0000-000000000204', 'half_accompany', 'cancelled_by_patient', '2026-04-12', '10:00', '患者取消3', 199.0, '广州市妇女儿童医疗中心', '测试陪诊师C', '测试患者C', NULL, NOW() - interval '4 days', NOW() - interval '4 days'),
('c0000001-0000-0000-0000-000000000027', 'YLA202604170027', 'b0000001-0000-0000-0000-000000000006', 'b0000002-0000-0000-0000-000000000006', 'a0000001-0000-0000-0000-000000000006', 'full_accompany', 'rejected_by_companion', '2026-04-13', '09:00', '陪诊师拒单1', 299.0, '北京儿童医院', '钱丽华', '王大爷', NULL, NOW() - interval '3 days', NOW() - interval '3 days'),
('c0000001-0000-0000-0000-000000000028', 'YLA202604170028', 'b0000001-0000-0000-0000-000000000007', 'b0000002-0000-0000-0000-000000000007', 'a0000001-0000-0000-0000-000000000103', 'full_accompany', 'rejected_by_companion', '2026-04-13', '09:00', '陪诊师拒单2', 299.0, '上海儿童医学中心', '孙伟明', '刘阿姨', NULL, NOW() - interval '4 days', NOW() - interval '4 days'),
('c0000001-0000-0000-0000-000000000029', 'YLA202604170029', 'b0000001-0000-0000-0000-000000000004', NULL, 'a0000001-0000-0000-0000-000000000007', 'errand', 'expired', '2026-04-14', '11:00', '已过期广播订单1', 149.0, '北京朝阳医院', NULL, '张先生', NOW() - interval '1 days', NOW() - interval '4 days', NOW() - interval '4 days'),
('c0000001-0000-0000-0000-000000000030', 'YLA202604170030', 'b0000001-0000-0000-0000-000000000005', NULL, 'a0000001-0000-0000-0000-000000000205', 'errand', 'expired', '2026-04-14', '11:00', '已过期广播订单2', 149.0, '南方医科大学南方医院', NULL, '李女士', NOW() - interval '4 days', NOW() - interval '5 days', NOW() - interval '5 days'),
('c0000001-0000-0000-0000-000000000031', 'YLA202604170031', 'b0000001-0000-0000-0000-000000000006', NULL, 'a0000001-0000-0000-0000-000000000304', 'errand', 'expired', '2026-04-14', '11:00', '已过期广播订单3', 149.0, '深圳市第二人民医院', NULL, '王大爷', NOW() - interval '7 days', NOW() - interval '6 days', NOW() - interval '6 days'),
('c0000001-0000-0000-0000-000000000032', 'YLA202604170032', 'b0000001-0000-0000-0000-000000000002', 'b0000002-0000-0000-0000-000000000008', 'a0000001-0000-0000-0000-000000000008', 'half_accompany', 'cancelled_by_companion', '2026-04-14', '14:00', '陪诊师取消1', 199.0, '北京积水潭医院', '周雪梅', '测试患者B', NULL, NOW() - interval '2 days', NOW() - interval '2 days'),
('c0000001-0000-0000-0000-000000000033', 'YLA202604170033', 'b0000001-0000-0000-0000-000000000003', 'b0000002-0000-0000-0000-000000000009', 'a0000001-0000-0000-0000-000000000104', 'half_accompany', 'cancelled_by_companion', '2026-04-14', '14:00', '陪诊师取消2', 199.0, '华山医院', '吴志远', '测试患者C', NULL, NOW() - interval '3 days', NOW() - interval '3 days'),
('c0000001-0000-0000-0000-000000000034', 'YLA202604170034', 'b0000001-0000-0000-0000-000000000008', 'b0000002-0000-0000-0000-000000000003', 'a0000001-0000-0000-0000-000000000302', 'full_accompany', 'accepted', '2026-04-17', '23:30', '即将过期活跃订单 1', 299.0, '北京大学深圳医院', '测试陪诊师C', '赵女士', NOW() + interval '22 minutes', NOW() - interval '2 minutes', NOW() - interval '2 minutes'),
('c0000001-0000-0000-0000-000000000035', 'YLA202604170035', 'b0000001-0000-0000-0000-000000000009', 'b0000002-0000-0000-0000-000000000004', 'a0000001-0000-0000-0000-000000000001', 'full_accompany', 'accepted', '2026-04-17', '23:45', '即将过期活跃订单 2', 299.0, '北京协和医院', '王秀英', '孙先生', NOW() + interval '27 minutes', NOW() - interval '3 minutes', NOW() - interval '3 minutes');

-- ============================================================================
-- chat_messages (共 ~65 条, 覆盖多订单/已读未读/系统消息)
-- ============================================================================
INSERT INTO chat_messages (id, order_id, sender_id, type, content, is_read, created_at) VALUES
('aa000001-0000-0000-0000-000000000001', 'c0000001-0000-0000-0000-000000000006', 'b0000001-0000-0000-0000-000000000001', 'text', '您好，我预约了明天上午的陪诊服务', true, NOW() - interval '39 minutes'),
('aa000001-0000-0000-0000-000000000002', 'c0000001-0000-0000-0000-000000000006', 'b0000002-0000-0000-0000-000000000001', 'text', '您好，已收到您的订单，请问有什么特殊注意事项？', true, NOW() - interval '36 minutes'),
('aa000001-0000-0000-0000-000000000003', 'c0000001-0000-0000-0000-000000000006', 'b0000001-0000-0000-0000-000000000001', 'text', '老人行动不便，可能需要轮椅', true, NOW() - interval '33 minutes'),
('aa000001-0000-0000-0000-000000000004', 'c0000001-0000-0000-0000-000000000006', 'b0000002-0000-0000-0000-000000000001', 'text', '好的，我会提前到医院准备轮椅', true, NOW() - interval '30 minutes'),
('aa000001-0000-0000-0000-000000000005', 'c0000001-0000-0000-0000-000000000006', 'b0000001-0000-0000-0000-000000000001', 'text', '非常感谢', true, NOW() - interval '27 minutes'),
('aa000001-0000-0000-0000-000000000006', 'c0000001-0000-0000-0000-000000000006', 'b0000002-0000-0000-0000-000000000001', 'text', '不客气，这是我应该做的', true, NOW() - interval '24 minutes'),
('aa000001-0000-0000-0000-000000000007', 'c0000001-0000-0000-0000-000000000006', 'b0000001-0000-0000-0000-000000000001', 'text', '需要空腹吗？', true, NOW() - interval '21 minutes'),
('aa000001-0000-0000-0000-000000000008', 'c0000001-0000-0000-0000-000000000006', 'b0000002-0000-0000-0000-000000000001', 'text', '是的，建议早上不要吃东西', true, NOW() - interval '18 minutes'),
('aa000001-0000-0000-0000-000000000009', 'c0000001-0000-0000-0000-000000000006', 'b0000001-0000-0000-0000-000000000001', 'text', '好的，还有什么需要准备的？', true, NOW() - interval '15 minutes'),
('aa000001-0000-0000-0000-000000000010', 'c0000001-0000-0000-0000-000000000006', 'b0000002-0000-0000-0000-000000000001', 'text', '带齐身份证、医保卡和既往病历即可', true, NOW() - interval '12 minutes'),
('aa000001-0000-0000-0000-000000000011', 'c0000001-0000-0000-0000-000000000006', 'b0000001-0000-0000-0000-000000000001', 'text', '明白了', false, NOW() - interval '9 minutes'),
('aa000001-0000-0000-0000-000000000012', 'c0000001-0000-0000-0000-000000000006', 'b0000002-0000-0000-0000-000000000001', 'text', '明早7:30我在医院门口等您', false, NOW() - interval '6 minutes'),
('aa000001-0000-0000-0000-000000000013', 'c0000001-0000-0000-0000-000000000006', 'b0000002-0000-0000-0000-000000000001', 'system', '订单状态已变更', false, NOW() - interval '3 minutes'),
('aa000001-0000-0000-0000-000000000014', 'c0000001-0000-0000-0000-000000000011', 'b0000001-0000-0000-0000-000000000004', 'text', '您好，我预约了明天上午的陪诊服务', true, NOW() - interval '39 minutes'),
('aa000001-0000-0000-0000-000000000015', 'c0000001-0000-0000-0000-000000000011', 'b0000002-0000-0000-0000-000000000004', 'text', '您好，已收到您的订单，请问有什么特殊注意事项？', true, NOW() - interval '36 minutes'),
('aa000001-0000-0000-0000-000000000016', 'c0000001-0000-0000-0000-000000000011', 'b0000001-0000-0000-0000-000000000004', 'text', '老人行动不便，可能需要轮椅', true, NOW() - interval '33 minutes'),
('aa000001-0000-0000-0000-000000000017', 'c0000001-0000-0000-0000-000000000011', 'b0000002-0000-0000-0000-000000000004', 'text', '好的，我会提前到医院准备轮椅', true, NOW() - interval '30 minutes'),
('aa000001-0000-0000-0000-000000000018', 'c0000001-0000-0000-0000-000000000011', 'b0000001-0000-0000-0000-000000000004', 'text', '非常感谢', true, NOW() - interval '27 minutes'),
('aa000001-0000-0000-0000-000000000019', 'c0000001-0000-0000-0000-000000000011', 'b0000002-0000-0000-0000-000000000004', 'text', '不客气，这是我应该做的', true, NOW() - interval '24 minutes'),
('aa000001-0000-0000-0000-000000000020', 'c0000001-0000-0000-0000-000000000011', 'b0000001-0000-0000-0000-000000000004', 'text', '需要空腹吗？', true, NOW() - interval '21 minutes'),
('aa000001-0000-0000-0000-000000000021', 'c0000001-0000-0000-0000-000000000011', 'b0000002-0000-0000-0000-000000000004', 'text', '是的，建议早上不要吃东西', true, NOW() - interval '18 minutes'),
('aa000001-0000-0000-0000-000000000022', 'c0000001-0000-0000-0000-000000000011', 'b0000001-0000-0000-0000-000000000004', 'text', '好的，还有什么需要准备的？', true, NOW() - interval '15 minutes'),
('aa000001-0000-0000-0000-000000000023', 'c0000001-0000-0000-0000-000000000011', 'b0000002-0000-0000-0000-000000000004', 'text', '带齐身份证、医保卡和既往病历即可', true, NOW() - interval '12 minutes'),
('aa000001-0000-0000-0000-000000000024', 'c0000001-0000-0000-0000-000000000011', 'b0000001-0000-0000-0000-000000000004', 'text', '明白了', false, NOW() - interval '9 minutes'),
('aa000001-0000-0000-0000-000000000025', 'c0000001-0000-0000-0000-000000000011', 'b0000002-0000-0000-0000-000000000004', 'text', '明早7:30我在医院门口等您', false, NOW() - interval '6 minutes'),
('aa000001-0000-0000-0000-000000000026', 'c0000001-0000-0000-0000-000000000011', 'b0000002-0000-0000-0000-000000000004', 'system', '订单状态已变更', false, NOW() - interval '3 minutes'),
('aa000001-0000-0000-0000-000000000027', 'c0000001-0000-0000-0000-000000000014', 'b0000001-0000-0000-0000-000000000001', 'text', '您好，我预约了明天上午的陪诊服务', true, NOW() - interval '39 minutes'),
('aa000001-0000-0000-0000-000000000028', 'c0000001-0000-0000-0000-000000000014', 'b0000002-0000-0000-0000-000000000001', 'text', '您好，已收到您的订单，请问有什么特殊注意事项？', true, NOW() - interval '36 minutes'),
('aa000001-0000-0000-0000-000000000029', 'c0000001-0000-0000-0000-000000000014', 'b0000001-0000-0000-0000-000000000001', 'text', '老人行动不便，可能需要轮椅', true, NOW() - interval '33 minutes'),
('aa000001-0000-0000-0000-000000000030', 'c0000001-0000-0000-0000-000000000014', 'b0000002-0000-0000-0000-000000000001', 'text', '好的，我会提前到医院准备轮椅', true, NOW() - interval '30 minutes'),
('aa000001-0000-0000-0000-000000000031', 'c0000001-0000-0000-0000-000000000014', 'b0000001-0000-0000-0000-000000000001', 'text', '非常感谢', true, NOW() - interval '27 minutes'),
('aa000001-0000-0000-0000-000000000032', 'c0000001-0000-0000-0000-000000000014', 'b0000002-0000-0000-0000-000000000001', 'text', '不客气，这是我应该做的', true, NOW() - interval '24 minutes'),
('aa000001-0000-0000-0000-000000000033', 'c0000001-0000-0000-0000-000000000014', 'b0000001-0000-0000-0000-000000000001', 'text', '需要空腹吗？', true, NOW() - interval '21 minutes'),
('aa000001-0000-0000-0000-000000000034', 'c0000001-0000-0000-0000-000000000014', 'b0000002-0000-0000-0000-000000000001', 'text', '是的，建议早上不要吃东西', true, NOW() - interval '18 minutes'),
('aa000001-0000-0000-0000-000000000035', 'c0000001-0000-0000-0000-000000000014', 'b0000001-0000-0000-0000-000000000001', 'text', '好的，还有什么需要准备的？', true, NOW() - interval '15 minutes'),
('aa000001-0000-0000-0000-000000000036', 'c0000001-0000-0000-0000-000000000014', 'b0000002-0000-0000-0000-000000000001', 'text', '带齐身份证、医保卡和既往病历即可', true, NOW() - interval '12 minutes'),
('aa000001-0000-0000-0000-000000000037', 'c0000001-0000-0000-0000-000000000014', 'b0000001-0000-0000-0000-000000000001', 'text', '明白了', true, NOW() - interval '9 minutes'),
('aa000001-0000-0000-0000-000000000038', 'c0000001-0000-0000-0000-000000000014', 'b0000002-0000-0000-0000-000000000001', 'text', '明早7:30我在医院门口等您', true, NOW() - interval '6 minutes'),
('aa000001-0000-0000-0000-000000000039', 'c0000001-0000-0000-0000-000000000014', 'b0000002-0000-0000-0000-000000000001', 'system', '订单状态已变更', true, NOW() - interval '3 minutes'),
('aa000001-0000-0000-0000-000000000040', 'c0000001-0000-0000-0000-000000000017', 'b0000001-0000-0000-0000-000000000004', 'text', '您好，我预约了明天上午的陪诊服务', true, NOW() - interval '39 minutes'),
('aa000001-0000-0000-0000-000000000041', 'c0000001-0000-0000-0000-000000000017', 'b0000002-0000-0000-0000-000000000004', 'text', '您好，已收到您的订单，请问有什么特殊注意事项？', true, NOW() - interval '36 minutes'),
('aa000001-0000-0000-0000-000000000042', 'c0000001-0000-0000-0000-000000000017', 'b0000001-0000-0000-0000-000000000004', 'text', '老人行动不便，可能需要轮椅', true, NOW() - interval '33 minutes'),
('aa000001-0000-0000-0000-000000000043', 'c0000001-0000-0000-0000-000000000017', 'b0000002-0000-0000-0000-000000000004', 'text', '好的，我会提前到医院准备轮椅', true, NOW() - interval '30 minutes'),
('aa000001-0000-0000-0000-000000000044', 'c0000001-0000-0000-0000-000000000017', 'b0000001-0000-0000-0000-000000000004', 'text', '非常感谢', true, NOW() - interval '27 minutes'),
('aa000001-0000-0000-0000-000000000045', 'c0000001-0000-0000-0000-000000000017', 'b0000002-0000-0000-0000-000000000004', 'text', '不客气，这是我应该做的', true, NOW() - interval '24 minutes'),
('aa000001-0000-0000-0000-000000000046', 'c0000001-0000-0000-0000-000000000017', 'b0000001-0000-0000-0000-000000000004', 'text', '需要空腹吗？', true, NOW() - interval '21 minutes'),
('aa000001-0000-0000-0000-000000000047', 'c0000001-0000-0000-0000-000000000017', 'b0000002-0000-0000-0000-000000000004', 'text', '是的，建议早上不要吃东西', true, NOW() - interval '18 minutes'),
('aa000001-0000-0000-0000-000000000048', 'c0000001-0000-0000-0000-000000000017', 'b0000001-0000-0000-0000-000000000004', 'text', '好的，还有什么需要准备的？', true, NOW() - interval '15 minutes'),
('aa000001-0000-0000-0000-000000000049', 'c0000001-0000-0000-0000-000000000017', 'b0000002-0000-0000-0000-000000000004', 'text', '带齐身份证、医保卡和既往病历即可', true, NOW() - interval '12 minutes'),
('aa000001-0000-0000-0000-000000000050', 'c0000001-0000-0000-0000-000000000017', 'b0000001-0000-0000-0000-000000000004', 'text', '明白了', true, NOW() - interval '9 minutes'),
('aa000001-0000-0000-0000-000000000051', 'c0000001-0000-0000-0000-000000000017', 'b0000002-0000-0000-0000-000000000004', 'text', '明早7:30我在医院门口等您', true, NOW() - interval '6 minutes'),
('aa000001-0000-0000-0000-000000000052', 'c0000001-0000-0000-0000-000000000017', 'b0000002-0000-0000-0000-000000000004', 'system', '订单状态已变更', true, NOW() - interval '3 minutes'),
('aa000001-0000-0000-0000-000000000053', 'c0000001-0000-0000-0000-000000000019', 'b0000001-0000-0000-0000-000000000006', 'text', '您好，我预约了明天上午的陪诊服务', true, NOW() - interval '39 minutes'),
('aa000001-0000-0000-0000-000000000054', 'c0000001-0000-0000-0000-000000000019', 'b0000002-0000-0000-0000-000000000006', 'text', '您好，已收到您的订单，请问有什么特殊注意事项？', true, NOW() - interval '36 minutes'),
('aa000001-0000-0000-0000-000000000055', 'c0000001-0000-0000-0000-000000000019', 'b0000001-0000-0000-0000-000000000006', 'text', '老人行动不便，可能需要轮椅', true, NOW() - interval '33 minutes'),
('aa000001-0000-0000-0000-000000000056', 'c0000001-0000-0000-0000-000000000019', 'b0000002-0000-0000-0000-000000000006', 'text', '好的，我会提前到医院准备轮椅', true, NOW() - interval '30 minutes'),
('aa000001-0000-0000-0000-000000000057', 'c0000001-0000-0000-0000-000000000019', 'b0000001-0000-0000-0000-000000000006', 'text', '非常感谢', true, NOW() - interval '27 minutes'),
('aa000001-0000-0000-0000-000000000058', 'c0000001-0000-0000-0000-000000000019', 'b0000002-0000-0000-0000-000000000006', 'text', '不客气，这是我应该做的', true, NOW() - interval '24 minutes'),
('aa000001-0000-0000-0000-000000000059', 'c0000001-0000-0000-0000-000000000019', 'b0000001-0000-0000-0000-000000000006', 'text', '需要空腹吗？', true, NOW() - interval '21 minutes'),
('aa000001-0000-0000-0000-000000000060', 'c0000001-0000-0000-0000-000000000019', 'b0000002-0000-0000-0000-000000000006', 'text', '是的，建议早上不要吃东西', true, NOW() - interval '18 minutes'),
('aa000001-0000-0000-0000-000000000061', 'c0000001-0000-0000-0000-000000000019', 'b0000001-0000-0000-0000-000000000006', 'text', '好的，还有什么需要准备的？', true, NOW() - interval '15 minutes'),
('aa000001-0000-0000-0000-000000000062', 'c0000001-0000-0000-0000-000000000019', 'b0000002-0000-0000-0000-000000000006', 'text', '带齐身份证、医保卡和既往病历即可', true, NOW() - interval '12 minutes'),
('aa000001-0000-0000-0000-000000000063', 'c0000001-0000-0000-0000-000000000019', 'b0000001-0000-0000-0000-000000000006', 'text', '明白了', true, NOW() - interval '9 minutes'),
('aa000001-0000-0000-0000-000000000064', 'c0000001-0000-0000-0000-000000000019', 'b0000002-0000-0000-0000-000000000006', 'text', '明早7:30我在医院门口等您', true, NOW() - interval '6 minutes'),
('aa000001-0000-0000-0000-000000000065', 'c0000001-0000-0000-0000-000000000019', 'b0000002-0000-0000-0000-000000000006', 'system', '订单状态已变更', true, NOW() - interval '3 minutes');

-- ============================================================================
-- notifications (~35 条, 覆盖全部 NotificationType)
-- ============================================================================
INSERT INTO notifications (id, user_id, type, title, body, reference_id, is_read, created_at) VALUES
('ab000001-0000-0000-0000-000000000001', 'b0000001-0000-0000-0000-000000000002', 'order_status_changed', '订单状态更新', '您的订单已被陪诊师接单', 'c0000001-0000-0000-0000-000000000001', true, NOW() - interval '15 minutes'),
('ab000001-0000-0000-0000-000000000002', 'b0000001-0000-0000-0000-000000000004', 'order_status_changed', '订单状态更新', '您的订单已被陪诊师接单', 'c0000001-0000-0000-0000-000000000002', false, NOW() - interval '30 minutes'),
('ab000001-0000-0000-0000-000000000003', 'b0000001-0000-0000-0000-000000000006', 'order_status_changed', '订单状态更新', '您的订单已被陪诊师接单', 'c0000001-0000-0000-0000-000000000003', true, NOW() - interval '45 minutes'),
('ab000001-0000-0000-0000-000000000004', 'b0000001-0000-0000-0000-000000000008', 'order_status_changed', '订单状态更新', '您的订单已被陪诊师接单', 'c0000001-0000-0000-0000-000000000004', false, NOW() - interval '60 minutes'),
('ab000001-0000-0000-0000-000000000005', 'b0000001-0000-0000-0000-000000000010', 'order_status_changed', '订单状态更新', '您的订单已被陪诊师接单', 'c0000001-0000-0000-0000-000000000005', true, NOW() - interval '75 minutes'),
('ab000001-0000-0000-0000-000000000006', 'b0000002-0000-0000-0000-000000000002', 'order_status_changed', '订单状态更新', '您的订单已被陪诊师接单', 'c0000001-0000-0000-0000-000000000006', false, NOW() - interval '90 minutes'),
('ab000001-0000-0000-0000-000000000007', 'b0000001-0000-0000-0000-000000000008', 'new_message', '新消息', '您有一条新的聊天消息', 'c0000001-0000-0000-0000-000000000007', true, NOW() - interval '105 minutes'),
('ab000001-0000-0000-0000-000000000008', 'b0000001-0000-0000-0000-000000000010', 'new_message', '新消息', '您有一条新的聊天消息', 'c0000001-0000-0000-0000-000000000008', false, NOW() - interval '120 minutes'),
('ab000001-0000-0000-0000-000000000009', 'b0000002-0000-0000-0000-000000000002', 'new_message', '新消息', '您有一条新的聊天消息', 'c0000001-0000-0000-0000-000000000009', true, NOW() - interval '135 minutes'),
('ab000001-0000-0000-0000-000000000010', 'b0000002-0000-0000-0000-000000000004', 'new_message', '新消息', '您有一条新的聊天消息', 'c0000001-0000-0000-0000-000000000010', false, NOW() - interval '150 minutes'),
('ab000001-0000-0000-0000-000000000011', 'b0000002-0000-0000-0000-000000000006', 'new_message', '新消息', '您有一条新的聊天消息', 'c0000001-0000-0000-0000-000000000011', true, NOW() - interval '165 minutes'),
('ab000001-0000-0000-0000-000000000012', 'b0000001-0000-0000-0000-000000000002', 'new_message', '新消息', '您有一条新的聊天消息', 'c0000001-0000-0000-0000-000000000012', false, NOW() - interval '180 minutes'),
('ab000001-0000-0000-0000-000000000013', 'b0000002-0000-0000-0000-000000000004', 'new_order', '新订单', '您有一个新的陪诊订单', 'c0000001-0000-0000-0000-000000000013', true, NOW() - interval '195 minutes'),
('ab000001-0000-0000-0000-000000000014', 'b0000002-0000-0000-0000-000000000006', 'new_order', '新订单', '您有一个新的陪诊订单', 'c0000001-0000-0000-0000-000000000014', false, NOW() - interval '210 minutes'),
('ab000001-0000-0000-0000-000000000015', 'b0000001-0000-0000-0000-000000000002', 'new_order', '新订单', '您有一个新的陪诊订单', 'c0000001-0000-0000-0000-000000000015', true, NOW() - interval '225 minutes'),
('ab000001-0000-0000-0000-000000000016', 'b0000001-0000-0000-0000-000000000004', 'new_order', '新订单', '您有一个新的陪诊订单', 'c0000001-0000-0000-0000-000000000016', false, NOW() - interval '240 minutes'),
('ab000001-0000-0000-0000-000000000017', 'b0000001-0000-0000-0000-000000000006', 'new_order', '新订单', '您有一个新的陪诊订单', 'c0000001-0000-0000-0000-000000000017', true, NOW() - interval '255 minutes'),
('ab000001-0000-0000-0000-000000000018', 'b0000001-0000-0000-0000-000000000008', 'new_order', '新订单', '您有一个新的陪诊订单', 'c0000001-0000-0000-0000-000000000018', false, NOW() - interval '270 minutes'),
('ab000001-0000-0000-0000-000000000019', 'b0000001-0000-0000-0000-000000000004', 'review_received', '新评价', '您收到一条新的评价', 'c0000001-0000-0000-0000-000000000019', true, NOW() - interval '285 minutes'),
('ab000001-0000-0000-0000-000000000020', 'b0000001-0000-0000-0000-000000000006', 'review_received', '新评价', '您收到一条新的评价', 'c0000001-0000-0000-0000-000000000020', false, NOW() - interval '300 minutes'),
('ab000001-0000-0000-0000-000000000021', 'b0000001-0000-0000-0000-000000000008', 'review_received', '新评价', '您收到一条新的评价', 'c0000001-0000-0000-0000-000000000021', true, NOW() - interval '315 minutes'),
('ab000001-0000-0000-0000-000000000022', 'b0000001-0000-0000-0000-000000000010', 'review_received', '新评价', '您收到一条新的评价', 'c0000001-0000-0000-0000-000000000022', false, NOW() - interval '330 minutes'),
('ab000001-0000-0000-0000-000000000023', 'b0000002-0000-0000-0000-000000000002', 'review_received', '新评价', '您收到一条新的评价', 'c0000001-0000-0000-0000-000000000023', true, NOW() - interval '345 minutes'),
('ab000001-0000-0000-0000-000000000024', 'b0000002-0000-0000-0000-000000000004', 'review_received', '新评价', '您收到一条新的评价', 'c0000001-0000-0000-0000-000000000024', false, NOW() - interval '360 minutes'),
('ab000001-0000-0000-0000-000000000025', 'b0000001-0000-0000-0000-000000000010', 'start_service_request', '开始服务请求', '陪诊师请求开始服务', 'c0000001-0000-0000-0000-000000000025', true, NOW() - interval '375 minutes'),
('ab000001-0000-0000-0000-000000000026', 'b0000002-0000-0000-0000-000000000002', 'start_service_request', '开始服务请求', '陪诊师请求开始服务', 'c0000001-0000-0000-0000-000000000026', false, NOW() - interval '390 minutes'),
('ab000001-0000-0000-0000-000000000027', 'b0000002-0000-0000-0000-000000000004', 'start_service_request', '开始服务请求', '陪诊师请求开始服务', 'c0000001-0000-0000-0000-000000000027', true, NOW() - interval '405 minutes'),
('ab000001-0000-0000-0000-000000000028', 'b0000002-0000-0000-0000-000000000006', 'start_service_request', '开始服务请求', '陪诊师请求开始服务', 'c0000001-0000-0000-0000-000000000028', false, NOW() - interval '420 minutes'),
('ab000001-0000-0000-0000-000000000029', 'b0000001-0000-0000-0000-000000000002', 'start_service_request', '开始服务请求', '陪诊师请求开始服务', 'c0000001-0000-0000-0000-000000000001', true, NOW() - interval '435 minutes'),
('ab000001-0000-0000-0000-000000000030', 'b0000001-0000-0000-0000-000000000004', 'start_service_request', '开始服务请求', '陪诊师请求开始服务', 'c0000001-0000-0000-0000-000000000002', false, NOW() - interval '450 minutes'),
('ab000001-0000-0000-0000-000000000031', 'b0000002-0000-0000-0000-000000000006', 'system', '系统公告', '平台维护通知：本周六凌晨 2-4 点系统升级', 'c0000001-0000-0000-0000-000000000003', true, NOW() - interval '465 minutes'),
('ab000001-0000-0000-0000-000000000032', 'b0000001-0000-0000-0000-000000000002', 'system', '系统公告', '平台维护通知：本周六凌晨 2-4 点系统升级', 'c0000001-0000-0000-0000-000000000004', false, NOW() - interval '480 minutes'),
('ab000001-0000-0000-0000-000000000033', 'b0000001-0000-0000-0000-000000000004', 'system', '系统公告', '平台维护通知：本周六凌晨 2-4 点系统升级', 'c0000001-0000-0000-0000-000000000005', true, NOW() - interval '495 minutes'),
('ab000001-0000-0000-0000-000000000034', 'b0000001-0000-0000-0000-000000000006', 'system', '系统公告', '平台维护通知：本周六凌晨 2-4 点系统升级', 'c0000001-0000-0000-0000-000000000006', false, NOW() - interval '510 minutes'),
('ab000001-0000-0000-0000-000000000035', 'b0000001-0000-0000-0000-000000000008', 'system', '系统公告', '平台维护通知：本周六凌晨 2-4 点系统升级', 'c0000001-0000-0000-0000-000000000007', true, NOW() - interval '525 minutes'),
('ab000001-0000-0000-0000-000000000036', 'b0000001-0000-0000-0000-000000000010', 'system', '系统公告', '平台维护通知：本周六凌晨 2-4 点系统升级', 'c0000001-0000-0000-0000-000000000008', false, NOW() - interval '540 minutes');

-- ============================================================================
-- payments (~18 条, 覆盖 pending/success/failed + refund)
-- ============================================================================
INSERT INTO payments (id, order_id, user_id, amount, payment_type, status, created_at) VALUES
('ac000001-0000-0000-0000-000000000001', 'c0000001-0000-0000-0000-000000000014', 'b0000001-0000-0000-0000-000000000001', 299.0, 'pay', 'success', NOW() - interval '1 days'),
('ac000001-0000-0000-0000-000000000002', 'c0000001-0000-0000-0000-000000000015', 'b0000001-0000-0000-0000-000000000002', 199.0, 'pay', 'success', NOW() - interval '2 days'),
('ac000001-0000-0000-0000-000000000003', 'c0000001-0000-0000-0000-000000000016', 'b0000001-0000-0000-0000-000000000003', 149.0, 'pay', 'success', NOW() - interval '3 days'),
('ac000001-0000-0000-0000-000000000004', 'c0000001-0000-0000-0000-000000000017', 'b0000001-0000-0000-0000-000000000004', 299.0, 'pay', 'success', NOW() - interval '4 days'),
('ac000001-0000-0000-0000-000000000005', 'c0000001-0000-0000-0000-000000000018', 'b0000001-0000-0000-0000-000000000005', 199.0, 'pay', 'success', NOW() - interval '5 days'),
('ac000001-0000-0000-0000-000000000006', 'c0000001-0000-0000-0000-000000000019', 'b0000001-0000-0000-0000-000000000006', 149.0, 'pay', 'success', NOW() - interval '6 days'),
('ac000001-0000-0000-0000-000000000007', 'c0000001-0000-0000-0000-000000000020', 'b0000001-0000-0000-0000-000000000007', 299.0, 'pay', 'success', NOW() - interval '7 days'),
('ac000001-0000-0000-0000-000000000008', 'c0000001-0000-0000-0000-000000000021', 'b0000001-0000-0000-0000-000000000008', 199.0, 'pay', 'success', NOW() - interval '8 days'),
('ac000001-0000-0000-0000-000000000009', 'c0000001-0000-0000-0000-000000000022', 'b0000001-0000-0000-0000-000000000009', 149.0, 'pay', 'success', NOW() - interval '9 days'),
('ac000001-0000-0000-0000-000000000010', 'c0000001-0000-0000-0000-000000000023', 'b0000001-0000-0000-0000-000000000010', 299.0, 'pay', 'success', NOW() - interval '10 days'),
('ac000001-0000-0000-0000-000000000011', 'c0000001-0000-0000-0000-000000000006', 'b0000001-0000-0000-0000-000000000001', 199.0, 'pay', 'pending', NOW() - interval '2 hours'),
('ac000001-0000-0000-0000-000000000012', 'c0000001-0000-0000-0000-000000000007', 'b0000001-0000-0000-0000-000000000002', 199.0, 'pay', 'pending', NOW() - interval '2 hours'),
('ac000001-0000-0000-0000-000000000013', 'c0000001-0000-0000-0000-000000000011', 'b0000001-0000-0000-0000-000000000004', 299.0, 'pay', 'failed', NOW() - interval '1 hours'),
('ac000001-0000-0000-0000-000000000014', 'c0000001-0000-0000-0000-000000000012', 'b0000001-0000-0000-0000-000000000005', 299.0, 'pay', 'failed', NOW() - interval '2 hours'),
('ac000001-0000-0000-0000-000000000015', 'c0000001-0000-0000-0000-000000000024', 'b0000001-0000-0000-0000-000000000001', 199.0, 'refund', 'success', NOW() - interval '2 days'),
('ac000001-0000-0000-0000-000000000016', 'c0000001-0000-0000-0000-000000000025', 'b0000001-0000-0000-0000-000000000002', 199.0, 'refund', 'success', NOW() - interval '3 days');

-- ============================================================================
-- reviews (~12 条, 多星级, 含匿名)
-- ============================================================================
INSERT INTO reviews (id, order_id, patient_id, companion_id, rating, content, patient_name, created_at) VALUES
('ad000001-0000-0000-0000-000000000001', 'c0000001-0000-0000-0000-000000000014', 'b0000001-0000-0000-0000-000000000001', 'b0000002-0000-0000-0000-000000000001', 5, '服务非常专业，耐心细致，强烈推荐！', '测试患者A', NOW() - interval '1 days'),
('ad000001-0000-0000-0000-000000000002', 'c0000001-0000-0000-0000-000000000015', 'b0000001-0000-0000-0000-000000000002', 'b0000002-0000-0000-0000-000000000002', 4, '整体不错，就是等待时间稍长', '测试患者B', NOW() - interval '2 days'),
('ad000001-0000-0000-0000-000000000003', 'c0000001-0000-0000-0000-000000000016', 'b0000001-0000-0000-0000-000000000003', 'b0000002-0000-0000-0000-000000000003', 5, '陪诊师很贴心，帮了大忙', '测试患者C', NOW() - interval '3 days'),
('ad000001-0000-0000-0000-000000000004', 'c0000001-0000-0000-0000-000000000017', 'b0000001-0000-0000-0000-000000000004', 'b0000002-0000-0000-0000-000000000004', 3, '服务一般，希望下次更好', NULL, NOW() - interval '4 days'),
('ad000001-0000-0000-0000-000000000005', 'c0000001-0000-0000-0000-000000000018', 'b0000001-0000-0000-0000-000000000005', 'b0000002-0000-0000-0000-000000000005', 5, '非常满意，全程无忧', '李女士', NOW() - interval '5 days'),
('ad000001-0000-0000-0000-000000000006', 'c0000001-0000-0000-0000-000000000019', 'b0000001-0000-0000-0000-000000000006', 'b0000002-0000-0000-0000-000000000006', 4, '流程熟练，效率高', '王大爷', NOW() - interval '6 days'),
('ad000001-0000-0000-0000-000000000007', 'c0000001-0000-0000-0000-000000000020', 'b0000001-0000-0000-0000-000000000007', 'b0000002-0000-0000-0000-000000000007', 5, '超出预期，服务很好', '刘阿姨', NOW() - interval '7 days'),
('ad000001-0000-0000-0000-000000000008', 'c0000001-0000-0000-0000-000000000021', 'b0000001-0000-0000-0000-000000000008', 'b0000002-0000-0000-0000-000000000008', 4, '还可以，基本满足需求', '赵女士', NOW() - interval '8 days'),
('ad000001-0000-0000-0000-000000000009', 'c0000001-0000-0000-0000-000000000022', 'b0000001-0000-0000-0000-000000000009', 'b0000002-0000-0000-0000-000000000009', 3, '有待改进，但态度还行', NULL, NOW() - interval '9 days'),
('ad000001-0000-0000-0000-000000000010', 'c0000001-0000-0000-0000-000000000023', 'b0000001-0000-0000-0000-000000000010', 'b0000002-0000-0000-0000-000000000010', 5, '五星好评，下次还会再来', '周阿姨', NOW() - interval '10 days');

-- ============================================================================
-- order_status_history (审计日志, 关键订单的状态迁移)
-- ============================================================================
INSERT INTO order_status_history (id, order_id, from_status, to_status, changed_by, note, created_at) VALUES
('ae000001-0000-0000-0000-000000000001', 'c0000001-0000-0000-0000-000000000006', 'created', 'accepted', 'b0000002-0000-0000-0000-000000000001', '自动迁移', NOW() - interval '4 days'),
('ae000001-0000-0000-0000-000000000002', 'c0000001-0000-0000-0000-000000000007', 'created', 'accepted', 'b0000002-0000-0000-0000-000000000002', '自动迁移', NOW() - interval '4 days'),
('ae000001-0000-0000-0000-000000000003', 'c0000001-0000-0000-0000-000000000008', 'created', 'accepted', 'b0000002-0000-0000-0000-000000000003', '自动迁移', NOW() - interval '4 days'),
('ae000001-0000-0000-0000-000000000004', 'c0000001-0000-0000-0000-000000000011', 'created', 'accepted', 'b0000002-0000-0000-0000-000000000004', '自动迁移', NOW() - interval '4 days'),
('ae000001-0000-0000-0000-000000000005', 'c0000001-0000-0000-0000-000000000011', 'accepted', 'in_progress', 'b0000002-0000-0000-0000-000000000004', '自动迁移', NOW() - interval '3 days'),
('ae000001-0000-0000-0000-000000000006', 'c0000001-0000-0000-0000-000000000012', 'created', 'accepted', 'b0000002-0000-0000-0000-000000000005', '自动迁移', NOW() - interval '4 days'),
('ae000001-0000-0000-0000-000000000007', 'c0000001-0000-0000-0000-000000000012', 'accepted', 'in_progress', 'b0000002-0000-0000-0000-000000000005', '自动迁移', NOW() - interval '3 days'),
('ae000001-0000-0000-0000-000000000008', 'c0000001-0000-0000-0000-000000000014', 'created', 'accepted', 'b0000002-0000-0000-0000-000000000001', '自动迁移', NOW() - interval '4 days'),
('ae000001-0000-0000-0000-000000000009', 'c0000001-0000-0000-0000-000000000014', 'accepted', 'in_progress', 'b0000002-0000-0000-0000-000000000001', '自动迁移', NOW() - interval '3 days'),
('ae000001-0000-0000-0000-000000000010', 'c0000001-0000-0000-0000-000000000014', 'in_progress', 'completed', 'b0000002-0000-0000-0000-000000000001', '自动迁移', NOW() - interval '2 days'),
('ae000001-0000-0000-0000-000000000011', 'c0000001-0000-0000-0000-000000000014', 'completed', 'reviewed', 'b0000002-0000-0000-0000-000000000001', '自动迁移', NOW() - interval '1 days'),
('ae000001-0000-0000-0000-000000000012', 'c0000001-0000-0000-0000-000000000015', 'created', 'accepted', 'b0000002-0000-0000-0000-000000000002', '自动迁移', NOW() - interval '4 days'),
('ae000001-0000-0000-0000-000000000013', 'c0000001-0000-0000-0000-000000000015', 'accepted', 'in_progress', 'b0000002-0000-0000-0000-000000000002', '自动迁移', NOW() - interval '3 days'),
('ae000001-0000-0000-0000-000000000014', 'c0000001-0000-0000-0000-000000000015', 'in_progress', 'completed', 'b0000002-0000-0000-0000-000000000002', '自动迁移', NOW() - interval '2 days'),
('ae000001-0000-0000-0000-000000000015', 'c0000001-0000-0000-0000-000000000015', 'completed', 'reviewed', 'b0000002-0000-0000-0000-000000000002', '自动迁移', NOW() - interval '1 days'),
('ae000001-0000-0000-0000-000000000016', 'c0000001-0000-0000-0000-000000000016', 'created', 'accepted', 'b0000002-0000-0000-0000-000000000003', '自动迁移', NOW() - interval '4 days'),
('ae000001-0000-0000-0000-000000000017', 'c0000001-0000-0000-0000-000000000016', 'accepted', 'in_progress', 'b0000002-0000-0000-0000-000000000003', '自动迁移', NOW() - interval '3 days'),
('ae000001-0000-0000-0000-000000000018', 'c0000001-0000-0000-0000-000000000016', 'in_progress', 'completed', 'b0000002-0000-0000-0000-000000000003', '自动迁移', NOW() - interval '2 days'),
('ae000001-0000-0000-0000-000000000019', 'c0000001-0000-0000-0000-000000000016', 'completed', 'reviewed', 'b0000002-0000-0000-0000-000000000003', '自动迁移', NOW() - interval '1 days'),
('ae000001-0000-0000-0000-000000000020', 'c0000001-0000-0000-0000-000000000017', 'created', 'accepted', 'b0000002-0000-0000-0000-000000000004', '自动迁移', NOW() - interval '4 days'),
('ae000001-0000-0000-0000-000000000021', 'c0000001-0000-0000-0000-000000000017', 'accepted', 'in_progress', 'b0000002-0000-0000-0000-000000000004', '自动迁移', NOW() - interval '3 days'),
('ae000001-0000-0000-0000-000000000022', 'c0000001-0000-0000-0000-000000000017', 'in_progress', 'completed', 'b0000002-0000-0000-0000-000000000004', '自动迁移', NOW() - interval '2 days'),
('ae000001-0000-0000-0000-000000000023', 'c0000001-0000-0000-0000-000000000018', 'created', 'accepted', 'b0000002-0000-0000-0000-000000000005', '自动迁移', NOW() - interval '4 days'),
('ae000001-0000-0000-0000-000000000024', 'c0000001-0000-0000-0000-000000000018', 'accepted', 'in_progress', 'b0000002-0000-0000-0000-000000000005', '自动迁移', NOW() - interval '3 days'),
('ae000001-0000-0000-0000-000000000025', 'c0000001-0000-0000-0000-000000000018', 'in_progress', 'completed', 'b0000002-0000-0000-0000-000000000005', '自动迁移', NOW() - interval '2 days');

